Id,SysDate,SysTime,CompId,SessionId,FinYearId,Date,Cr,Dr,Amount,Narration
16,2013-07-10,2:24:34 PM,1,Sapl0050,1,01-04-2013,3,4,50000.0,Office Purpose
17,2013-07-10,2:50:11 PM,1,Sapl0050,1,04-04-2013,5,4,50000.0,"


































































	Office Purpose


"
18,2013-07-10,2:51:42 PM,1,Sapl0050,1,2013-04-06,5,4,50000.0,	Office Purpose
19,2013-07-10,2:52:36 PM,1,Sapl0050,1,2013-04-06,5,4,200000.0,	Office Purpose
20,2013-07-10,2:53:06 PM,1,Sapl0050,1,2013-04-08,5,4,50000.0,	Office Purpose
21,2013-07-10,2:54:31 PM,1,Sapl0050,1,2013-04-10,5,4,50000.0,	Office Purpose
22,2013-07-10,2:55:11 PM,1,Sapl0050,1,2013-04-13,3,4,30000.0,	Office Purpose
24,2013-07-10,2:55:48 PM,1,Sapl0050,1,2013-04-16,5,4,50000.0,	Office Purpose
25,2013-07-10,2:57:41 PM,1,Sapl0050,1,2013-04-18,3,4,40000.0,	Office Purpose
27,2013-07-10,2:58:15 PM,1,Sapl0050,1,20-04-2013,5,4,40000.0,	Office Purpose
28,2013-07-10,2:58:50 PM,1,Sapl0050,1,2013-04-22,5,4,40000.0,	Office Purpose
29,2013-07-10,3:00:16 PM,1,Sapl0050,1,2013-04-25,5,4,50000.0,	Office Purpose
30,2013-07-10,3:00:46 PM,1,Sapl0050,1,2013-04-30,3,4,40000.0,	Office Purpose
31,2013-07-10,3:05:39 PM,1,Sapl0050,1,2013-05-04,3,4,40000.0,	Office Purpose
32,2013-07-10,3:06:14 PM,1,Sapl0050,1,2013-05-07,5,4,40000.0,	Office Purpose
33,2013-07-10,3:06:42 PM,1,Sapl0050,1,2013-05-08,3,4,30000.0,	Office Purpose
34,2013-07-10,3:07:12 PM,1,Sapl0050,1,2013-05-11,5,4,50000.0,	Office Purpose
35,2013-07-10,3:07:42 PM,1,Sapl0050,1,2013-05-30,5,4,50000.0,	Office Purpose
36,2013-07-10,3:08:51 PM,1,Sapl0050,1,2013-06-01,5,4,50000.0,	Office Purpose
37,2013-07-10,3:09:24 PM,1,Sapl0050,1,2013-06-07,3,4,22000.0,	Office Purpose
38,2013-07-10,3:10:07 PM,1,Sapl0050,1,10-06-2013,3,4,250000.0,	Office Purpose
39,2013-07-10,3:10:38 PM,1,Sapl0050,1,2013-06-12,3,4,40000.0,	Office Purpose
40,2013-07-10,3:11:09 PM,1,Sapl0050,1,2013-06-13,3,4,45000.0,	Office Purpose
41,2013-07-10,3:11:38 PM,1,Sapl0050,1,2013-06-14,3,4,50000.0,	Office Purpose
42,2013-07-10,3:12:04 PM,1,Sapl0050,1,2013-06-19,3,4,40000.0,	Office Purpose
43,2013-07-10,3:12:31 PM,1,Sapl0050,1,2013-06-21,5,4,50000.0,	Office Purpose
44,2013-07-10,3:13:06 PM,1,Sapl0050,1,2013-06-26,3,4,12000.0,	Office Purpose
45,2013-07-10,3:13:34 PM,1,Sapl0050,1,2013-06-28,3,4,20000.0,	Office Purpose
46,2013-07-10,3:14:44 PM,1,Sapl0050,1,2013-07-01,5,4,50000.0,	Office Purpose
47,2013-07-10,3:15:10 PM,1,Sapl0050,1,2013-07-05,5,4,50000.0,	Office Purpose
48,2014-04-19,3:56:58 PM,1,Sapl0050,2,2014-04-02,5,3,1000000.0,	Office Purpose
49,2014-04-19,3:58:05 PM,1,Sapl0050,2,2014-04-09,7,4,50000.0,Office Purpose
50,2014-04-19,3:58:41 PM,1,Sapl0050,2,2014-04-10,3,7,60000.0,	Office Purpose
51,2014-04-19,4:00:56 PM,1,Sapl0050,2,2014-04-15,3,4,50000.0,	Office Purpose
52,2014-04-19,4:23:05 PM,1,Sapl0050,2,2014-04-15,3,4,50000.0,Office Purpose
54,2014-05-21,12:26:48 PM,1,Sapl0031,2,2014-04-21,3,4,50000.0,Office Purpose
55,2014-05-21,12:27:54 PM,1,Sapl0031,2,2014-04-23,3,4,50000.0,Office Purpose
56,2014-05-21,12:29:18 PM,1,Sapl0031,2,2014-04-30,3,6,700000.0,Office Purpose
57,2014-05-21,12:30:49 PM,1,Sapl0031,2,2014-05-10,3,7,350000.0,Office Purpose
58,2014-05-21,12:31:49 PM,1,Sapl0031,2,2014-05-10,7,4,40000.0,Office Purpose
59,2014-05-21,12:32:47 PM,1,Sapl0031,2,2014-05-15,6,4,40000.0,Office Purpose
94,2014-07-29,10:02:40 AM,1,sapl0031,2,2014-05-23,3,7,665000.0,	Office Purpose
95,2014-07-29,10:03:19 AM,1,sapl0031,2,2014-05-24,3,4,99000.0,Office Purpose
96,2014-07-29,10:03:53 AM,1,sapl0031,2,2014-05-29,3,4,94000.0,	Office Purpose
97,2014-07-29,10:04:41 AM,1,sapl0031,2,2014-06-04,3,7,200000.0,	Office Purpose
98,2014-07-29,10:06:35 AM,1,sapl0031,2,2014-06-07,3,4,50000.0,Office Purpose
99,2014-07-29,10:07:13 AM,1,sapl0031,2,2014-06-09,3,7,2000000.0,	Office Purpose
100,2014-07-29,10:07:51 AM,1,sapl0031,2,2014-06-12,7,4,50000.0,	Office Purpose
101,2014-07-29,10:08:31 AM,1,sapl0031,2,2014-06-26,3,4,150000.0,Office Purpose
102,2014-07-29,10:09:11 AM,1,sapl0031,2,2014-07-02,5,3,300000.0,Office Purpose
103,2014-07-29,10:09:41 AM,1,sapl0031,2,2014-07-03,5,3,500000.0,Office Purpose
104,2014-07-29,10:10:10 AM,1,sapl0031,2,2014-07-03,4,6,10000.0,Office Purpose
105,2014-07-29,10:10:41 AM,1,sapl0031,2,2014-07-04,3,4,50000.0,Office Purpose
106,2014-07-29,10:11:16 AM,1,sapl0031,2,2014-07-08,5,7,2000000.0,Office Purpose
107,2014-07-29,10:11:43 AM,1,sapl0031,2,2014-07-08,7,4,35300.0,Office Purpose
108,2014-07-29,10:12:12 AM,1,sapl0031,2,2014-07-10,5,7,1000000.0,Office Purpose
109,2014-07-29,10:12:53 AM,1,sapl0031,2,2014-07-10,5,3,750000.0,Office Purpose
110,2014-07-29,10:13:26 AM,1,sapl0031,2,2014-07-10,5,7,200000.0,	Office Purpose
111,2014-07-29,10:13:53 AM,1,sapl0031,2,2014-07-10,5,3,300000.0,	Office Purpose
112,2014-07-29,10:14:20 AM,1,sapl0031,2,2014-07-12,5,3,200000.0,Office Purpose
113,2014-07-29,10:14:53 AM,1,sapl0031,2,2014-07-14,5,4,50000.0,	Office Purpose
114,2014-07-29,10:15:25 AM,1,sapl0031,2,2014-07-15,5,3,500000.0,Office Purpose
115,2014-07-29,10:15:58 AM,1,sapl0031,2,2014-07-23,3,4,12000.0,Office Purpose
116,2014-07-29,10:18:03 AM,1,sapl0031,2,2014-07-26,5,1,400000.0,NEHA ENTERPRISES A/C:-074411002576 
117,2014-07-29,10:18:39 AM,1,sapl0031,2,2014-07-28,5,4,100000.0,Office Purpose
118,2014-07-29,10:19:53 AM,1,sapl0031,2,2014-07-28,3,5,1100000.0,	Office Purpose
119,2014-08-05,12:53:30 PM,1,sapl0031,2,2014-08-05,4,5,38000.0,Office Purpose
120,2014-08-08,12:43:08 PM,1,Sapl0031,2,2014-08-08,3,4,400000.0,Office Purpose
121,2014-08-09,3:16:40 PM,1,sapl0031,2,2014-08-09,3,4,50000.0,Office Purpose
122,2014-08-14,2:09:14 PM,1,sapl0031,2,2014-08-14,4,3,20000.0,Office Purpose
123,2014-08-18,3:56:33 PM,1,Sapl0031,2,20-08-2014,5,3,1200000.0,Office Purpose
124,2014-08-19,3:17:19 PM,1,sapl0031,2,2014-08-19,3,5,330000.0,Office Purpose
125,2014-08-25,9:49:22 AM,1,sapl0031,2,2014-08-20,5,3,600000.0,Office Purpose
126,2014-08-25,9:50:07 AM,1,sapl0031,2,2014-08-22,5,3,600000.0,Office Purpose
127,2014-08-28,4:47:32 PM,1,sapl0031,2,2014-08-28,5,4,30000.0,Office Purpose
128,2014-09-12,3:41:41 PM,1,sapl0031,2,2014-09-12,5,3,4800000.0,Office Purpose
129,2014-09-13,3:59:41 PM,1,sapl0031,2,13-09-2014,3,4,354381.0,Office Purpose
130,2014-09-13,4:01:08 PM,1,sapl0031,2,2014-09-13,3,4,60000.0,Office Purpose
131,2014-09-15,3:39:32 PM,1,sapl0031,2,2014-09-15,3,5,375000.0,Office Purpose
132,2014-09-22,4:56:39 PM,1,sapl0031,2,2014-09-17,4,5,250000.0,Office Purpose
133,2014-09-22,4:57:18 PM,1,sapl0031,2,2014-09-18,3,4,50000.0,Office Purpose
134,2014-09-22,4:59:17 PM,1,sapl0031,2,2014-09-19,3,5,600000.0,Office Purpose
135,2014-09-22,4:59:56 PM,1,sapl0031,2,2014-09-22,3,5,400000.0,Office Purpose
136,2014-10-18,12:50:23 PM,1,Sapl0031,2,2014-09-24,5,3,200000.0,	Office Purpose
138,2014-10-18,12:52:48 PM,1,Sapl0031,2,2014-09-24,5,4,50000.0,	Office Purpose
139,2014-10-18,12:54:38 PM,1,Sapl0031,2,2014-09-25,5,6,123500.0,	Office Purpose
140,2014-10-18,12:56:56 PM,1,Sapl0031,2,2014-09-29,3,4,50000.0,Office Purpose
141,2014-10-18,12:58:53 PM,1,Sapl0031,2,2014-09-30,3,4,100000.0,Office Purpose
142,2014-10-18,12:59:36 PM,1,Sapl0031,2,2014-10-04,5,4,150000.0,Office Purpose
143,2014-10-18,1:00:03 PM,1,Sapl0031,2,2014-10-11,5,3,1600000.0,Office Purpose
144,2014-10-18,1:00:30 PM,1,Sapl0031,2,2014-10-11,3,4,600000.0,	Office Purpose
145,2014-10-18,1:01:03 PM,1,Sapl0031,2,2014-10-13,3,4,200000.0,Office Purpose
146,2014-10-18,2:49:06 PM,1,Sapl0031,2,2014-10-16,5,3,1000000.0,	Office Purpose
147,2014-10-18,2:49:38 PM,1,Sapl0031,2,2014-10-16,3,4,50000.0,Office Purpose
148,2014-10-18,2:51:25 PM,1,Sapl0031,2,2014-10-17,3,4,144000.0,Neha Enterprise for diwali bonus year 13-14
149,2014-10-27,2:11:14 PM,1,Sapl0031,2,2014-10-21,5,3,400000.0,	Office Purpose
150,2014-10-27,2:11:52 PM,1,Sapl0031,2,2014-10-21,5,4,150000.0,Office Purpose
151,2014-10-27,2:15:25 PM,1,Sapl0031,2,2014-10-21,4,6,30000.0,Office Purpose
152,2014-11-14,10:08:02 AM,1,sapl0031,2,2014-10-29,3,5,100000.0, Office Purpose 
153,2014-11-14,10:10:28 AM,1,sapl0031,2,2014-10-29,3,5,196000.0, Office Purpose 
154,2014-11-14,10:12:58 AM,1,sapl0031,2,2014-10-31,3,4,20000.0,Office Purpose
155,2014-11-14,10:47:10 AM,1,sapl0031,2,2014-11-03,3,4,10000.0, Office Purpose 
156,2014-11-14,10:48:12 AM,1,sapl0031,2,2014-11-05,3,4,25000.0, Office Purpose 
157,2014-11-14,10:49:37 AM,1,sapl0031,2,2014-11-05,3,4,15000.0, Office Purpose 
158,2014-11-14,10:50:44 AM,1,sapl0031,2,2014-11-07,5,4,50000.0, Office Purpose 
159,2014-11-14,11:17:39 AM,1,sapl0031,2,2014-11-08,3,4,247349.0, Neha Enterprise for Salary Of The Month Of Oct-2014
160,2014-11-14,11:19:47 AM,1,sapl0031,2,2014-11-12,5,3,270000.0,Office Purpose
161,2014-11-14,12:33:04 PM,1,sapl0031,2,2014-11-14,3,4,15000.0, Office Purpose 
162,2014-11-18,5:32:34 PM,1,sapl0031,2,2014-11-18,5,4,40000.0, Office Purpose 
163,2014-11-22,9:57:42 AM,1,sapl0031,2,2014-11-21,3,4,20000.0, Office Purpose 
164,2014-11-22,11:55:24 AM,1,sapl0031,2,2014-10-29,4,5,100000.0, Office Purpose 
165,2014-11-24,4:30:29 PM,1,sapl0031,2,2014-11-24,3,4,78000.0, Office Purpose 
166,2014-11-29,5:23:17 PM,1,sapl0031,2,2014-11-29,4,3,10700.0, Office Purpose TDS
167,2014-12-08,11:23:18 AM,1,sapl0031,2,2014-12-03,3,4,30000.0, Office Purpose 
168,2014-12-11,10:56:23 AM,1,sapl0031,2,2014-12-10,5,3,1550000.0,Salary For The Month Of Oct.2014 SAPL Satff
169,2014-12-13,2:13:27 PM,1,sapl0031,2,2014-12-12,5,3,350000.0,Office Purpose
170,2014-12-13,2:13:59 PM,1,sapl0031,2,2014-12-12,5,4,50000.0,	Office Purpose
171,2014-12-13,2:14:29 PM,1,sapl0031,2,2014-12-13,3,6,65000.0,Office Purpose
172,2014-12-17,3:18:18 PM,1,sapl0031,2,2014-12-16,5,3,560300.0,salary for the month of NOV.2014 for sapl worker and casual 3other person
173,2014-12-17,3:18:53 PM,1,sapl0031,2,2014-12-16,3,4,50000.0,Office Purpose 
174,2014-12-19,11:22:58 AM,1,sapl0031,2,2014-12-17,4,5,30000.0,Office Purpose
175,2014-12-19,11:25:11 AM,1,sapl0031,2,2014-12-18,3,5,55000.0,Office Purpose 
176,2014-12-25,1:57:14 PM,1,sapl0031,2,2014-12-22,3,4,20000.0,Office Purpose 
177,2015-01-01,11:07:44 AM,1,sapl0031,2,2014-12-24,3,4,50000.0,Office Purpose 
178,2015-01-01,11:08:32 AM,1,sapl0031,2,2014-12-26,3,5,48000.0,Office Purpose 
179,2015-01-01,11:09:17 AM,1,sapl0031,2,2014-12-29,3,5,190000.0,Office Purpose
181,2015-01-01,11:11:29 AM,1,sapl0031,2,2014-12-29,5,4,20000.0,Office Purpose
182,2015-01-01,11:12:40 AM,1,sapl0031,2,2014-12-29,3,4,20000.0,Office Purpose 
183,2015-01-01,11:13:16 AM,1,sapl0031,2,2014-12-31,4,5,5000.0,Office Purpose 
184,2015-01-02,10:08:07 AM,1,sapl0031,2,2015-01-01,3,5,206000.0,Office Purpose 
185,2015-01-02,10:08:56 AM,1,sapl0031,2,2015-01-01,3,4,30000.0,Office Purpose 
186,2015-01-12,12:02:32 PM,1,sapl0031,2,2015-01-03,3,4,50000.0,Office Purpose 
187,2015-01-12,12:03:07 PM,1,sapl0031,2,2015-01-05,3,4,15000.0,Office Purpose
188,2015-01-12,12:05:27 PM,1,sapl0031,2,2015-01-06,3,4,15000.0,Office Purpose 
189,2015-01-12,12:05:56 PM,1,sapl0031,2,2015-01-12,3,4,50000.0,Office Purpose
190,2015-01-13,2:59:39 PM,1,sapl0031,2,2015-01-13,3,4,14000.0,Office Purpose
191,2015-01-18,1:30:49 PM,1,sapl0031,2,2015-01-15,5,6,2650000.0,Office Purpose
192,2015-01-18,1:31:13 PM,1,sapl0031,2,2015-01-15,3,4,20000.0, 	Office Purpose
193,2015-01-18,1:31:55 PM,1,sapl0031,2,2015-01-16,5,3,3409000.0,Office Purpose 
194,2015-01-18,1:33:31 PM,1,sapl0031,2,2015-01-19,3,6,50000.0,Office Purpose 
195,2015-01-19,3:33:39 PM,1,sapl0031,2,2015-01-19,3,4,50000.0,Office Purpose
196,2015-01-20,2:15:17 PM,1,sapl0031,2,2015-01-20,3,4,50000.0,Office Purpose 
197,2015-01-29,7:26:59 PM,1,sapl0031,2,2015-01-29,5,3,450000.0,Office Purpose 
198,2015-02-16,10:23:03 AM,1,sapl0031,2,2015-01-30,5,3,125000.0,Office Purpose 
199,2015-02-16,10:23:43 AM,1,sapl0031,2,2015-02-03,6,4,9000.0,Office Purpose 
200,2015-02-16,10:24:09 AM,1,sapl0031,2,2015-02-05,3,4,20000.0,Office Purpose
201,2015-02-16,10:25:08 AM,1,sapl0031,2,2015-02-06,3,5,15000.0, 	Office Purpose
202,2015-02-16,10:25:54 AM,1,sapl0031,2,2015-02-09,3,5,25000.0,Office Purpose 
203,2015-02-16,10:26:30 AM,1,sapl0031,2,2015-02-11,3,5,100000.0,Office Purpose 
204,2015-02-16,10:27:00 AM,1,sapl0031,2,2015-02-11,3,4,50000.0,Office Purpose 
205,2015-02-16,10:27:33 AM,1,sapl0031,2,2015-02-12,3,5,50000.0,Office Purpose 
206,2015-02-16,10:28:00 AM,1,sapl0031,2,2015-02-13,3,4,20000.0,Office Purpose 
207,2015-02-24,2:09:19 PM,1,sapl0031,2,2015-02-16,3,4,12000.0,Office Purpose
208,2015-02-24,2:09:49 PM,1,sapl0031,2,2015-02-18,6,4,30000.0,Office Purpose 
209,2015-02-24,2:10:16 PM,1,sapl0031,2,2015-02-20,4,6,4000.0,Office Purpose
210,2015-02-24,2:10:42 PM,1,sapl0031,2,2015-02-21,4,3,2000.0,Office Purpose
211,2015-02-24,2:11:35 PM,1,sapl0031,2,2015-02-23,3,4,5000.0,Office Purpose
212,2015-02-25,9:36:13 AM,1,sapl0031,2,2015-02-24,3,4,10000.0,Office Purpose
213,2015-02-28,1:47:58 PM,1,sapl0031,2,2015-02-25,3,4,30000.0,Office Purpose 
214,2015-02-28,1:48:40 PM,1,sapl0031,2,2015-02-26,3,5,450000.0, 	Office Purpose 
215,2015-02-28,1:49:18 PM,1,sapl0031,2,2015-02-27,3,4,10000.0, 	Office Purpose
216,2015-02-28,1:49:38 PM,1,sapl0031,2,2015-02-28,3,4,3000.0,Office Purpose 
217,2015-03-09,11:20:47 AM,1,sapl0031,2,2015-03-03,3,4,30000.0,Office Purpose 
218,2015-03-09,11:21:19 AM,1,sapl0031,2,2015-03-05,3,5,300000.0,Office Purpose 
219,2015-03-09,11:21:54 AM,1,sapl0031,2,2015-03-07,3,4,20000.0,Office Purpose 
220,2015-03-10,12:17:14 PM,1,sapl0031,2,2015-03-09,3,4,12000.0,Office Purpose
221,2015-03-10,12:17:49 PM,1,sapl0031,2,2015-03-10,3,5,700000.0,Office Purpose
222,2015-03-10,12:18:14 PM,1,sapl0031,2,2015-03-10,3,4,50000.0,Office Purpose 
223,2015-03-10,12:18:38 PM,1,sapl0031,2,2015-03-10,4,6,35000.0,Office Purpose 
224,2015-03-13,10:13:32 AM,1,Sapl0031,2,2015-03-12,3,4,10000.0, 	Office Purpose 
225,2015-03-13,1:58:22 PM,1,Sapl0031,2,13-03-2015,3,5,170000.0,Office Purpose
226,2015-03-14,1:36:42 PM,1,Sapl0031,2,2015-03-13,3,4,30000.0,Office Purpose
227,2015-03-23,2:01:08 PM,1,Sapl0031,2,2015-03-19,3,4,100000.0,Office Purpose
228,2015-03-23,2:02:07 PM,1,Sapl0031,2,2015-03-19,3,6,200000.0,Office Purpose 
229,2015-06-23,10:15:16 AM,1,sapl0202,3,2015-03-24,6,4,70000.0, 	Office Purpose
230,2015-06-23,10:16:00 AM,1,sapl0202,3,2015-03-30,3,4,20000.0,Office Purpose
231,2015-06-23,10:16:47 AM,1,sapl0202,3,2015-04-06,3,4,25000.0, 	Office Purpose
232,2015-06-23,10:17:37 AM,1,sapl0202,3,2015-04-08,3,4,150000.0,Office Purpose
233,2015-06-23,10:18:59 AM,1,sapl0202,3,2015-04-08,4,3,80000.0,Office Purpose 
234,2015-06-23,10:19:41 AM,1,sapl0202,3,2015-04-13,3,4,5000.0,Office Purpose 
235,2015-06-23,10:20:23 AM,1,sapl0202,3,2015-04-15,5,4,13000.0, 	Office Purpose
236,2015-06-23,10:20:59 AM,1,sapl0202,3,2015-04-22,3,4,50000.0,Office Purpose 
237,2015-06-23,10:22:10 AM,1,sapl0202,3,2015-04-24,5,3,2000000.0,Office Purpose 
238,2015-06-23,10:23:21 AM,1,sapl0202,3,2015-04-28,3,4,50000.0,Office Purpose 
239,2015-06-23,10:23:52 AM,1,sapl0202,3,2015-04-30,3,4,15000.0,Office Purpose 
240,2015-06-23,10:24:45 AM,1,sapl0202,3,2015-05-05,3,4,30000.0,Office Purpose
241,2015-06-23,10:25:19 AM,1,sapl0202,3,2015-05-06,3,4,15000.0, 	Office Purpose
242,2015-06-23,10:25:48 AM,1,sapl0202,3,2015-05-08,3,4,5000.0,Office Purpose 
243,2015-06-23,10:27:05 AM,1,sapl0202,3,2015-05-11,3,4,10000.0, 	Office Purpose 
244,2015-06-23,10:28:35 AM,1,sapl0202,3,2015-05-14,3,4,10000.0,Office Purpose 
245,2015-06-23,10:29:44 AM,1,sapl0202,3,2015-05-15,3,5,508630.0,Office Purpose
246,2015-06-23,10:30:54 AM,1,sapl0202,3,2015-05-16,4,5,1000.0,Office Purpose
247,2015-06-23,10:31:47 AM,1,sapl0202,3,2015-05-18,5,3,2500000.0,Office Purpose
248,2015-06-23,10:32:23 AM,1,sapl0202,3,19-05-2015,3,4,6000.0,Office Purpose 
249,2015-06-23,10:32:55 AM,1,sapl0202,3,19-05-2015,3,4,3000.0, 	Office Purpose
250,2015-06-23,10:33:27 AM,1,sapl0202,3,2015-05-19,3,4,70000.0, 	Office Purpose
251,2015-06-23,10:34:15 AM,1,sapl0202,3,2015-05-20,3,5,116000.0,Office Purpose
252,2015-06-23,10:34:47 AM,1,sapl0202,3,2015-05-20,3,4,40000.0, 	Office Purpose
253,2015-06-23,10:35:26 AM,1,sapl0202,3,2015-05-22,3,4,150000.0,Office Purpose 
254,2015-06-23,10:35:58 AM,1,sapl0202,3,2015-05-23,3,4,25000.0,Office Purpose 
255,2015-06-23,10:42:39 AM,1,sapl0202,3,2015-05-28,3,4,10000.0,Office Purpose
256,2015-06-23,10:43:09 AM,1,sapl0202,3,2015-05-28,4,3,8000.0,Office Purpose 
257,2015-06-23,10:43:39 AM,1,sapl0202,3,2015-05-30,3,4,50000.0,Office Purpose 
258,2015-06-23,10:44:14 AM,1,sapl0202,3,2015-05-30,3,5,1875000.0,Office Purpose 
259,2015-06-23,10:45:03 AM,1,sapl0202,3,2015-06-02,5,3,1800000.0,Office Purpose 
260,2015-06-23,10:45:27 AM,1,sapl0202,3,2015-06-02,3,4,50000.0,Office Purpose
261,2015-06-23,10:45:53 AM,1,sapl0202,3,2015-06-05,3,4,12000.0,Office Purpose
262,2015-06-23,10:47:18 AM,1,sapl0202,3,2015-06-09,3,4,25000.0,Office Purpose 
263,2015-06-23,10:48:13 AM,1,sapl0202,3,2015-06-10,5,3,1800000.0, 	Office Purpose 
264,2015-06-23,10:48:41 AM,1,sapl0202,3,2015-06-13,3,4,25000.0,Office Purpose 
265,2015-06-23,10:54:18 AM,1,sapl0202,3,18-06-2015,3,4,50000.0, 	Office Purpose
266,2015-06-23,11:13:40 AM,1,sapl0202,3,2015-06-18,3,8,10000.0, 	Office Purpose
267,2015-06-25,11:49:04 AM,1,sapl0031,3,2015-06-23,5,8,350000.0,Office Purpose
268,2015-06-25,11:49:36 AM,1,sapl0031,3,2015-06-24,5,4,30000.0,Office Purpose 
269,2015-06-25,11:50:34 AM,1,sapl0031,3,2015-06-24,3,4,40000.0,Office Purpose
270,2015-07-29,2:58:25 PM,1,sapl0031,3,2015-06-24,5,3,50000.0, 	Office Purpose
271,2015-07-29,2:59:04 PM,1,sapl0031,3,2015-06-26,3,4,50000.0,Office Purpose
272,2015-07-29,2:59:52 PM,1,sapl0031,3,2015-06-26,8,3,50000.0,Office Purpose
273,2015-07-29,3:00:28 PM,1,sapl0031,3,2015-06-29,3,4,3000.0,Office Purpose 
274,2015-07-29,3:01:03 PM,1,sapl0031,3,2015-06-29,8,3,25000.0,Office Purpose 
275,2015-07-29,3:01:32 PM,1,sapl0031,3,2015-06-29,3,4,25000.0,Office Purpose
276,2015-07-29,3:02:17 PM,1,sapl0031,3,2015-06-30,8,5,80000.0,Office Purpose 
277,2015-07-29,3:03:01 PM,1,sapl0031,3,2015-07-02,8,3,30000.0,Office Purpose 
278,2015-07-29,3:03:35 PM,1,sapl0031,3,2015-07-03,3,4,15000.0,Office Purpose 
279,2015-07-29,3:03:59 PM,1,sapl0031,3,2015-07-06,3,4,25000.0,Office Purpose 
280,2015-07-29,3:04:34 PM,1,sapl0031,3,08-07-2015,3,4,15000.0," 		
	Office Purpose
		"
281,2015-07-29,3:05:38 PM,1,sapl0031,3,2015-07-10,8,3,980000.0,Office Purpose
282,2015-07-29,3:06:42 PM,1,sapl0031,3,2015-07-10,3,4,20000.0,Office Purpose 
283,2015-07-29,3:07:29 PM,1,sapl0031,3,2015-07-13,8,3,450000.0,Office Purpose 
284,2015-07-29,3:08:09 PM,1,sapl0031,3,2015-07-13,3,4,40000.0,Office Purpose 
285,2015-07-29,3:08:43 PM,1,sapl0031,3,2015-07-14,8,3,500000.0,Office Purpose
286,2015-07-29,3:09:14 PM,1,sapl0031,3,2015-07-14,3,4,70000.0,Office Purpose
287,2015-07-29,3:09:56 PM,1,sapl0031,3,2015-07-15,8,3,80000.0,Office Purpose
288,2015-07-29,3:10:21 PM,1,sapl0031,3,2015-07-16,4,3,5000.0,Office Purpose 
289,2015-07-29,3:11:06 PM,1,sapl0031,3,2015-07-16,3,4,80000.0,Office Purpose
290,2015-07-29,3:23:00 PM,1,sapl0031,3,2015-07-16,4,3,20000.0,Office Purpose
291,2015-07-29,3:26:28 PM,1,sapl0031,3,2015-07-22,8,4,65000.0,Office Purpose
292,2015-07-29,3:27:15 PM,1,sapl0031,3,2015-07-23,5,3,1000000.0,Office Purpose
293,2015-07-29,3:28:02 PM,1,sapl0031,3,2015-07-24,3,4,30000.0,Office Purpose 
294,2015-07-29,3:28:33 PM,1,sapl0031,3,2015-07-24,3,8,400000.0,Office Purpose 
295,2015-07-29,3:29:09 PM,1,sapl0031,3,2015-07-27,8,4,25000.0,Office Purpose
296,2015-07-29,3:31:26 PM,1,sapl0031,3,30-07-2015,8,5,50000.0, 	Office Purpose 
297,2015-07-30,3:17:58 PM,1,sapl0031,3,2015-07-30,8,3,25000.0,Office Purpose 
298,2015-08-13,9:29:41 AM,1,sapl0031,3,2015-07-31,3,4,7000.0,Office Purpose 
299,2015-08-13,9:30:29 AM,1,sapl0031,3,2015-08-05,8,3,10000.0, 	Office Purpose 
300,2015-08-13,9:31:10 AM,1,sapl0031,3,2015-08-08,3,4,2000.0, 	Office Purpose 
301,2015-08-30,2:01:43 PM,1,sapl0031,3,2015-08-14,3,4,20500.0,Office Purpose
302,2015-08-30,2:02:13 PM,1,sapl0031,3,2015-08-17,3,4,30000.0, 	Office Purpose 
303,2015-08-30,2:03:06 PM,1,sapl0031,3,2015-08-19,3,4,20000.0,Office Purpose 
304,2015-08-30,2:04:09 PM,1,sapl0031,3,2015-08-19,5,3,200000.0,Office Purpose 
305,2015-08-30,2:04:48 PM,1,sapl0031,3,2015-08-22,3,4,2500.0,Office Purpose
306,2015-08-30,2:05:31 PM,1,sapl0031,3,2015-08-25,8,4,7000.0,Office Purpose
307,2015-08-30,2:06:11 PM,1,sapl0031,3,2015-08-27,8,4,4000.0,Office Purpose
308,2015-08-30,2:06:46 PM,1,sapl0031,3,2015-08-28,3,4,5000.0,Office Purpose 
309,2015-10-01,9:34:37 AM,1,sapl0031,3,2015-08-31,8,4,4000.0,Office Purpose
311,2015-10-01,9:39:36 AM,1,sapl0031,3,2015-09-07,3,4,35000.0, 	Office Purpose
312,2015-10-01,9:41:32 AM,1,sapl0031,3,2015-09-08,3,4,60000.0, 	Office Purpose
313,2015-10-01,9:42:27 AM,1,sapl0031,3,2015-09-09,3,4,35000.0,Office Purpose
314,2015-10-01,9:43:54 AM,1,sapl0031,3,2015-09-14,3,4,5000.0,Office Purpose 
315,2015-10-01,9:44:45 AM,1,sapl0031,3,2015-09-18,8,4,35000.0,Office Purpose 
316,2015-10-01,9:45:49 AM,1,sapl0031,3,2015-09-21,8,3,50000.0, 	Office Purpose
317,2015-10-01,9:46:32 AM,1,sapl0031,3,2015-09-22,8,4,70000.0,Office Purpose 
318,2015-10-01,9:47:11 AM,1,sapl0031,3,2015-09-29,8,4,20000.0,Office Purpose 
319,2015-10-31,3:27:37 PM,1,Sapl0031,3,2015-10-01,3,4,25000.0, 	Office Purpose 
320,2015-10-31,3:28:42 PM,1,Sapl0031,3,2015-10-03,3,4,15000.0,Office Purpose 
321,2015-10-31,3:29:19 PM,1,Sapl0031,3,2015-10-07,3,4,5000.0,Office Purpose 
322,2015-10-31,3:31:00 PM,1,Sapl0031,3,2015-10-09,3,4,50000.0,Office Purpose
323,2015-10-31,3:31:32 PM,1,Sapl0031,3,2015-10-13,3,4,25000.0,Office Purpose 
324,2015-10-31,3:31:56 PM,1,Sapl0031,3,2015-10-14,3,4,5000.0,Office Purpose 
325,2015-10-31,3:32:24 PM,1,Sapl0031,3,2015-10-20,3,4,20000.0,Office Purpose 
326,2015-10-31,3:33:05 PM,1,Sapl0031,3,2015-10-21,5,3,1200000.0,Office Purpose
327,2015-10-31,3:34:43 PM,1,Sapl0031,3,2015-10-21,3,4,40000.0,Office Purpose
328,2015-10-31,3:35:16 PM,1,Sapl0031,3,2015-10-21,4,5,40000.0,Office Purpose
329,2015-10-31,3:35:44 PM,1,Sapl0031,3,2015-10-23,3,4,100000.0, 	Office Purpose 
330,2015-10-31,3:36:10 PM,1,Sapl0031,3,2015-10-28,3,4,10000.0,Office Purpose
331,2015-10-31,3:36:34 PM,1,Sapl0031,3,2015-10-29,3,4,10000.0,Office Purpose
332,2015-10-31,3:37:19 PM,1,Sapl0031,3,2015-10-31,5,3,400000.0,Office Purpose
333,2015-12-10,10:13:14 AM,1,Sapl0031,3,2015-11-02,5,3,450000.0,Office Purpose
334,2015-12-10,10:14:08 AM,1,Sapl0031,3,2015-11-02,3,4,45000.0,Office Purpose 
335,2015-12-10,10:14:50 AM,1,Sapl0031,3,2015-11-04,5,3,75000.0,Office Purpose 
336,2015-12-10,10:15:24 AM,1,Sapl0031,3,2015-11-07,3,4,25000.0, 	Office Purpose
337,2015-12-10,10:16:00 AM,1,Sapl0031,3,2015-11-10,3,4,10000.0,Office Purpose 
338,2015-12-10,10:16:41 AM,1,Sapl0031,3,2015-11-13,3,4,100000.0,Office Purpose 
339,2015-12-10,10:17:14 AM,1,Sapl0031,3,2015-11-16,3,4,50000.0,Office Purpose 
340,2015-12-10,10:17:55 AM,1,Sapl0031,3,2015-11-18,3,8,100000.0,Office Purpose 
341,2015-12-10,10:18:52 AM,1,Sapl0031,3,2015-11-19,8,4,30000.0,Office Purpose 
342,2015-12-10,10:19:36 AM,1,Sapl0031,3,2015-11-21,5,3,600000.0,Office Purpose
343,2015-12-10,10:20:31 AM,1,Sapl0031,3,2015-11-24,3,5,125000.0,Office Purpose 
344,2015-12-10,10:21:04 AM,1,Sapl0031,3,2015-11-24,3,4,25000.0,Office Purpose 
345,2015-12-10,10:21:44 AM,1,Sapl0031,3,2015-11-26,3,4,5000.0,Office Purpose 
346,2015-12-10,10:22:33 AM,1,Sapl0031,3,2015-11-26,3,8,200000.0,Office Purpose
347,2015-12-10,10:23:15 AM,1,Sapl0031,3,2015-11-27,5,8,100000.0,Office Purpose
348,2015-12-10,10:23:44 AM,1,Sapl0031,3,2015-11-27,5,4,25000.0, 	Office Purpose
349,2015-12-10,10:24:20 AM,1,Sapl0031,3,2015-11-27,5,3,100000.0,Office Purpose 
350,2015-12-10,10:25:13 AM,1,Sapl0031,3,2015-12-03,3,4,20000.0, 	Office Purpose
351,2015-12-10,10:25:42 AM,1,Sapl0031,3,2015-12-05,8,5,65000.0,Office Purpose
352,2015-12-10,10:26:08 AM,1,Sapl0031,3,2015-12-05,8,4,20000.0, 	Office Purpose
353,2015-12-10,10:26:31 AM,1,Sapl0031,3,2015-12-05,5,4,15000.0,Office Purpose
354,2015-12-10,10:27:03 AM,1,Sapl0031,3,2015-12-07,8,3,644000.0,Office Purpose 
355,2015-12-10,10:27:27 AM,1,Sapl0031,3,2015-12-09,8,4,15000.0,Office Purpose 
356,2015-12-12,12:31:55 PM,1,Sapl0031,3,2015-12-11,3,4,65000.0,Office Purpose
357,2015-12-31,5:08:34 PM,1,Sapl0031,3,2015-12-22,3,4,100000.0,Office Purpose 
358,2015-12-31,5:09:05 PM,1,Sapl0031,3,2015-12-22,3,8,50000.0,Office Purpose 
359,2015-12-31,5:10:13 PM,1,Sapl0031,3,2015-12-23,8,4,40000.0,Office Purpose 
360,2015-12-31,5:10:51 PM,1,Sapl0031,3,2015-12-29,3,4,30000.0,Office Purpose 
361,2015-12-31,5:11:13 PM,1,Sapl0031,3,2015-12-30,3,4,35000.0, 	Office Purpose 
362,2016-02-04,11:53:00 AM,1,Sapl0031,3,2015-12-30,3,8,100000.0,Office Purpose
363,2016-02-04,11:53:40 AM,1,Sapl0031,3,2016-01-02,3,4,60000.0,Office Purpose 
364,2016-02-04,11:54:20 AM,1,Sapl0031,3,2016-01-06,5,8,1500000.0,Office Purpose 
365,2016-02-04,11:54:58 AM,1,Sapl0031,3,2016-01-07,3,4,100000.0,Office Purpose 
366,2016-02-04,11:55:37 AM,1,Sapl0031,3,2016-01-08,5,8,600000.0,Office Purpose
367,2016-02-04,11:57:34 AM,1,Sapl0031,3,2016-01-11,8,3,50000.0,Office Purpose
368,2016-02-04,11:59:29 AM,1,Sapl0031,3,2016-01-15,8,4,25000.0, 	Office Purpose
369,2016-02-04,12:02:36 PM,1,Sapl0031,3,2016-01-20,5,3,50000.0, 	Office Purpose 
370,2016-02-04,12:03:18 PM,1,Sapl0031,3,2016-01-20,5,4,40000.0,Office Purpose
371,2016-02-04,12:04:17 PM,1,Sapl0031,3,2016-01-20,8,5,16000.0,Office Purpose
372,2016-02-04,12:05:10 PM,1,Sapl0031,3,2016-01-21,3,5,42000.0,Office Purpose
373,2016-02-04,12:06:00 PM,1,Sapl0031,3,2016-01-23,8,3,30000.0,Office Purpose
374,2016-02-04,12:06:46 PM,1,Sapl0031,3,2016-01-25,8,4,25000.0,Office Purpose 
375,2016-02-04,12:08:29 PM,1,Sapl0031,3,2016-01-30,5,3,200000.0,Office Purpose 
376,2016-02-04,12:09:05 PM,1,Sapl0031,3,2016-01-30,5,8,100000.0, 	Office Purpose
377,2016-02-04,12:09:40 PM,1,Sapl0031,3,2016-01-30,8,3,250000.0,Office Purpose 
378,2016-02-04,12:10:31 PM,1,Sapl0031,3,2016-01-30,3,8,100000.0,Office Purpose 
379,2016-02-04,12:11:07 PM,1,Sapl0031,3,2016-02-02,3,4,8000.0,Office Purpose 
380,2016-02-04,12:11:34 PM,1,Sapl0031,3,2016-02-03,3,4,30000.0,Office Purpose 
381,2016-02-19,1:52:13 PM,1,sapl0031,3,2016-02-03,8,3,50000.0,Office Purpose 
382,2016-02-19,1:52:50 PM,1,sapl0031,3,2016-02-03,8,3,85000.0,Office Purpose
383,2016-02-19,1:53:22 PM,1,sapl0031,3,2016-02-06,8,3,1000000.0, 	Office Purpose 
384,2016-02-19,1:53:56 PM,1,sapl0031,3,2016-02-06,8,3,10000.0,Office Purpose 
385,2016-02-19,1:54:26 PM,1,sapl0031,3,2016-02-08,3,4,38000.0,Office Purpose 
386,2016-02-19,1:55:05 PM,1,sapl0031,3,2016-02-08,5,4,17000.0,Office Purpose
387,2016-02-19,1:55:43 PM,1,sapl0031,3,2016-02-11,3,4,30000.0, 	Office Purpose
388,2016-02-19,1:56:23 PM,1,sapl0031,3,2016-02-11,3,8,8000.0,Office Purpose
389,2016-02-19,1:57:28 PM,1,sapl0031,3,2016-02-16,3,8,250000.0,Office Purpose 
390,2016-02-19,1:57:58 PM,1,sapl0031,3,2016-02-16,3,4,80000.0,Office Purpose
391,2016-02-20,2:21:42 PM,1,sapl0031,3,2016-02-20,3,4,40000.0,Office Purpose
392,2016-02-27,2:07:37 PM,1,sapl0031,3,2016-02-26,3,4,20000.0,Office Purpose
393,2016-03-03,11:06:43 AM,1,sapl0031,3,02-03-2016,8,3,40000.0,Office Purpose
394,2016-03-07,9:37:07 AM,1,sapl0031,3,2016-03-03,3,4,30000.0,Office Purpose 
395,2016-03-15,4:59:42 PM,1,Sapl0031,3,2016-03-07,3,8,2500.0,Office Purpose 
396,2016-03-15,5:00:23 PM,1,Sapl0031,3,2016-03-10,3,8,17500.0,Office Purpose
397,2016-03-15,5:00:58 PM,1,Sapl0031,3,2016-03-11,3,4,30000.0,Office Purpose 
398,2016-03-17,3:09:58 PM,1,Sapl0031,3,2016-03-17,3,4,100000.0,Office Purpose 
399,2016-03-21,4:39:48 PM,1,Sapl0031,3,2016-03-19,2,4,10000.0,Office Purpose 
400,2016-03-21,4:40:20 PM,1,Sapl0031,3,2016-03-21,3,8,100000.0,Office Purpose 
401,2016-03-25,11:57:28 AM,1,Sapl0031,3,2016-03-22,3,4,50000.0,Office Purpose 
402,2016-05-09,2:07:40 PM,1,Sapl0031,4,2016-04-02,3,4,10000.0,Office Purpose
403,2016-05-09,2:08:16 PM,1,Sapl0031,4,2016-04-07,3,4,20000.0,Office Purpose
404,2016-05-09,2:08:55 PM,1,Sapl0031,4,2016-04-12,3,5,300000.0,Office Purpose 
405,2016-05-09,2:09:29 PM,1,Sapl0031,4,2016-04-12,3,4,50000.0,Office Purpose 
406,2016-05-09,2:10:11 PM,1,Sapl0031,4,2016-04-13,3,5,150000.0,Office Purpose
407,2016-05-09,2:10:50 PM,1,Sapl0031,4,2016-04-13,3,5,198500.0,Office Purpose
408,2016-05-09,2:11:17 PM,1,Sapl0031,4,2016-04-13,3,5,198500.0,Office Purpose
409,2016-05-09,2:11:53 PM,1,Sapl0031,4,2016-04-13,3,5,75000.0,Office Purpose 
410,2016-05-09,2:12:30 PM,1,Sapl0031,4,2016-04-16,3,4,20000.0,Office Purpose
411,2016-05-09,2:13:09 PM,1,Sapl0031,4,2016-04-20,3,4,45000.0,Office Purpose
412,2016-05-09,2:13:44 PM,1,Sapl0031,4,2016-04-21,3,5,60000.0,Office Purpose
413,2016-05-09,2:14:12 PM,1,Sapl0031,4,2016-04-21,3,8,45000.0, 	Office Purpose
414,2016-05-09,2:14:42 PM,1,Sapl0031,4,2016-04-26,8,4,20000.0,Office Purpose 
415,2016-05-09,2:15:10 PM,1,Sapl0031,4,2016-04-28,5,4,80000.0,Office Purpose 
416,2016-05-09,2:15:36 PM,1,Sapl0031,4,2016-04-29,8,4,40000.0,Office Purpose
417,2016-05-09,2:16:07 PM,1,Sapl0031,4,2016-05-03,3,4,40000.0, 	Office Purpose 
418,2016-05-09,2:16:44 PM,1,Sapl0031,4,2016-05-06,8,3,72000.0, 	Office Purpose 
419,2016-05-09,2:17:19 PM,1,Sapl0031,4,2016-05-06,5,3,49000.0,Office Purpose 
420,2016-05-09,2:17:46 PM,1,Sapl0031,4,2016-05-07,3,4,15000.0,Office Purpose 
421,2016-05-18,5:12:16 PM,1,sapl0031,4,2016-05-10,3,4,30000.0,Office Purpose 
422,2016-05-18,5:12:41 PM,1,sapl0031,4,2016-05-18,3,4,65000.0,Office Purpose
423,2018-03-02,9:08:30 AM,1,sapl0031,5,2017-04-03,3,4,15000.0,office purpose
424,2018-03-02,9:09:25 AM,1,sapl0031,5,2017-04-06,8,3,27000.0,office purpose
425,2018-03-02,9:24:24 AM,1,sapl0031,5,2017-04-07,9,3,1100000.0,office purpose
426,2018-03-02,9:25:05 AM,1,sapl0031,5,2017-04-10,3,4,20000.0,office purpose
427,2018-03-02,9:25:44 AM,1,sapl0031,5,2017-04-12,5,3,2072000.0,office purpose
428,2018-03-02,9:26:22 AM,1,sapl0031,5,2017-04-12,3,4,130000.0,office purpose
429,2018-03-02,9:27:12 AM,1,sapl0031,5,2017-04-15,5,3,762000.0,office purpose
430,2018-03-02,9:29:38 AM,1,sapl0031,5,2017-04-17,3,8,150000.0,office purpose
431,2018-03-02,9:30:24 AM,1,sapl0031,5,2017-04-21,5,3,750000.0,office purpose
432,2018-03-02,9:31:10 AM,1,sapl0031,5,2017-04-21,9,5,975000.0,office purpose
433,2018-03-02,9:31:59 AM,1,sapl0031,5,2017-04-24,3,8,60000.0,office purpose
434,2018-03-02,9:32:38 AM,1,sapl0031,5,2017-04-25,3,8,153000.0,office purpose
435,2018-03-02,9:33:44 AM,1,sapl0031,5,2017-04-26,3,4,10000.0,office purpose
436,2018-03-02,9:34:23 AM,1,sapl0031,5,2017-04-27,3,4,35000.0,office purpose
437,2018-03-02,9:36:03 AM,1,sapl0031,5,2017-05-02,3,8,50000.0,office purpose
438,2018-03-02,9:36:41 AM,1,sapl0031,5,2017-05-06,5,3,190000.0,office purpose
439,2018-03-02,9:37:13 AM,1,sapl0031,5,2017-05-06,3,8,70000.0,office purpose
440,2018-03-02,9:37:55 AM,1,sapl0031,5,2017-05-15,5,8,65000.0,office purpose
441,2018-03-02,9:38:26 AM,1,sapl0031,5,2017-05-16,8,3,50000.0,office purpose
442,2018-03-02,9:39:04 AM,1,sapl0031,5,2017-05-17,5,8,614000.0,office purpose
443,2018-03-02,9:40:07 AM,1,sapl0031,5,2017-05-17,8,4,20000.0,office purpose
444,2018-03-02,9:40:49 AM,1,sapl0031,5,2017-05-18,8,3,300000.0,office purpose
445,2018-03-02,9:41:18 AM,1,sapl0031,5,2017-05-19,3,4,20000.0,office purpose
446,2018-03-02,9:41:45 AM,1,sapl0031,5,2017-05-19,3,8,10000.0,office purpose
447,2018-03-02,9:42:11 AM,1,sapl0031,5,2017-05-20,3,4,50000.0,office purpose
448,2018-03-02,9:42:44 AM,1,sapl0031,5,2017-05-30,5,3,1300000.0,office purpose
449,2018-03-02,9:43:10 AM,1,sapl0031,5,2017-05-30,5,4,150000.0,office purpose
450,2018-03-02,9:45:12 AM,1,sapl0031,5,2017-06-01,5,3,200000.0,office purpose
451,2018-03-02,9:46:07 AM,1,sapl0031,5,2017-06-05,5,3,1700000.0,office purpose
452,2018-03-02,9:46:40 AM,1,sapl0031,5,2017-06-05,5,3,200000.0,office purpose
453,2018-03-02,9:47:25 AM,1,sapl0031,5,2017-06-06,5,8,10000.0,office purpose
454,2018-03-02,9:48:01 AM,1,sapl0031,5,2017-06-07,5,3,175000.0,office purpose
455,2018-03-02,9:48:26 AM,1,sapl0031,5,2017-06-09,3,4,10000.0,office purpose
456,2018-03-02,9:48:54 AM,1,sapl0031,5,2017-06-12,5,3,200000.0,office purpose
457,2018-03-02,9:49:30 AM,1,sapl0031,5,2017-06-12,9,5,550000.0,office purpose
458,2018-03-02,9:50:00 AM,1,sapl0031,5,2017-06-15,3,4,30000.0,office purpose
459,2018-03-02,9:50:30 AM,1,sapl0031,5,2017-06-15,5,3,1500000.0,office purpose
460,2018-03-02,9:51:01 AM,1,sapl0031,5,2017-06-15,3,4,137000.0,office purpose
461,2018-03-02,9:51:30 AM,1,sapl0031,5,2017-06-16,3,8,15000.0,office purpose
462,2018-03-02,9:51:57 AM,1,sapl0031,5,2017-06-17,9,5,500000.0,office purpose
463,2018-03-02,9:52:24 AM,1,sapl0031,5,2017-06-19,3,8,15000.0,office purpose
464,2018-03-02,9:52:49 AM,1,sapl0031,5,2017-06-21,5,3,100000.0,office purpose
465,2018-03-02,9:53:15 AM,1,sapl0031,5,2017-06-22,5,3,800000.0,office purpose
466,2018-03-02,9:53:40 AM,1,sapl0031,5,2017-06-27,5,8,238000.0,office purpose
467,2018-03-02,9:54:07 AM,1,sapl0031,5,2017-06-27,3,8,160000.0,office purpose
468,2018-03-02,9:57:15 AM,1,sapl0031,5,2017-06-28,5,3,936000.0,office purpose
469,2018-03-02,9:57:41 AM,1,sapl0031,5,2017-06-30,3,4,50000.0,office purpose
470,2018-03-02,9:59:26 AM,1,sapl0031,5,2017-07-04,3,9,1400000.0,office purpose
471,2018-03-02,9:59:53 AM,1,sapl0031,5,2017-07-05,8,9,300000.0,office purpose
472,2018-03-02,10:00:19 AM,1,sapl0031,5,2017-07-06,8,3,35000.0,office purpose
473,2018-03-02,10:00:45 AM,1,sapl0031,5,2017-07-07,5,3,1030000.0,office purpose
474,2018-03-02,10:01:08 AM,1,sapl0031,5,2017-07-07,3,8,300000.0,office purpose
475,2018-03-02,10:01:31 AM,1,sapl0031,5,2017-07-07,3,8,25000.0,office purpose
476,2018-03-02,10:02:00 AM,1,sapl0031,5,2017-07-07,3,4,20000.0,office purpose
477,2018-03-02,10:02:30 AM,1,sapl0031,5,2017-07-13,5,3,2000000.0,office purpose
478,2018-03-02,10:03:49 AM,1,sapl0031,5,2017-07-14,3,4,170000.0,office purpose
479,2018-03-02,10:04:17 AM,1,sapl0031,5,2017-07-20,5,3,1200000.0,office purpose
480,2018-03-02,10:04:44 AM,1,sapl0031,5,2017-07-21,3,4,20000.0,office purpose
481,2018-03-02,10:05:10 AM,1,sapl0031,5,2017-07-26,5,4,10000.0,office purpose
482,2018-03-02,10:05:36 AM,1,sapl0031,5,2017-07-28,3,8,20000.0,office purpose
483,2018-03-02,10:06:52 AM,1,sapl0031,5,2017-07-31,3,4,65000.0,office purpose
484,2018-03-02,10:08:43 AM,1,sapl0031,5,2017-08-01,9,5,740000.0,office purpose
485,2018-03-02,10:09:26 AM,1,sapl0031,5,2017-08-07,5,3,150000.0,office purpose
486,2018-03-02,10:09:51 AM,1,sapl0031,5,2017-08-10,3,8,10000.0,office purpose
487,2018-03-02,10:10:18 AM,1,sapl0031,5,2017-08-11,5,3,140000.0,office purpose
488,2018-03-02,10:10:47 AM,1,sapl0031,5,2017-08-11,4,3,135000.0,office purpose
489,2018-03-02,10:11:13 AM,1,sapl0031,5,2017-08-19,3,4,15000.0,office purpose
490,2018-03-02,10:11:40 AM,1,sapl0031,5,2017-08-21,5,3,7600000.0,office purpose
491,2018-03-02,10:12:02 AM,1,sapl0031,5,2017-08-22,3,4,250000.0,office purpose
492,2018-03-02,10:12:32 AM,1,sapl0031,5,2017-08-22,3,8,200000.0,office purpose
493,2018-03-02,10:13:06 AM,1,sapl0031,5,2017-08-23,5,8,498000.0,office purpose
494,2018-03-02,10:13:37 AM,1,sapl0031,5,2017-08-24,3,8,500000.0,office purpose
495,2018-03-02,10:15:24 AM,1,sapl0031,5,2017-09-04,3,4,40000.0,office purpose
496,2018-03-02,10:15:44 AM,1,sapl0031,5,2017-09-11,3,4,20000.0,office purpose
497,2018-03-02,10:16:11 AM,1,sapl0031,5,2017-09-13,3,4,44000.0,office purpose
498,2018-03-02,10:16:33 AM,1,sapl0031,5,2017-09-18,3,4,20000.0,office purpose
499,2018-03-02,10:16:57 AM,1,sapl0031,5,2017-09-19,3,8,10000.0,office purpose
500,2018-03-02,10:17:46 AM,1,sapl0031,5,2017-09-21,3,4,225000.0,office purpose
501,2018-03-02,10:18:11 AM,1,sapl0031,5,2017-09-25,3,8,100000.0,office purpose
502,2018-03-02,10:18:49 AM,1,sapl0031,5,2017-10-06,3,4,10000.0,office purpose
503,2018-03-02,10:19:20 AM,1,sapl0031,5,2017-10-12,3,4,10000.0,office purpose
504,2018-03-02,10:19:43 AM,1,sapl0031,5,2017-10-12,5,3,2200000.0,office purpose
505,2018-03-02,10:20:08 AM,1,sapl0031,5,2017-10-12,5,8,1400000.0,office purpose
506,2018-03-02,10:20:38 AM,1,sapl0031,5,2017-10-12,3,4,300000.0,office purpose
507,2018-03-02,10:21:13 AM,1,sapl0031,5,2017-10-13,8,3,1000000.0,office purpose
508,2018-03-02,10:21:52 AM,1,sapl0031,5,2017-10-13,8,3,200000.0,office purpose
509,2018-03-02,10:22:20 AM,1,sapl0031,5,2017-10-17,3,4,15000.0,office purpose
510,2018-03-02,10:22:47 AM,1,sapl0031,5,2017-10-26,3,4,15000.0,office purpose
511,2018-03-02,10:24:00 AM,1,sapl0031,5,2017-11-01,8,3,20000.0,office purpose
512,2018-03-02,10:24:28 AM,1,sapl0031,5,2017-11-02,9,4,80000.0,office purpose
513,2018-03-02,10:24:55 AM,1,sapl0031,5,2017-11-02,8,3,10000.0,office purpose
514,2018-03-02,10:25:17 AM,1,sapl0031,5,2017-11-03,5,3,328000.0,office purpose
515,2018-03-02,10:25:41 AM,1,sapl0031,5,2017-11-07,5,3,3500000.0,office purpose
516,2018-03-02,10:26:51 AM,1,sapl0031,5,2017-11-07,5,8,2000000.0,office purpose
517,2018-03-02,10:28:11 AM,1,sapl0031,5,2017-11-07,5,3,1000000.0,office purpose
518,2018-03-02,10:28:53 AM,1,sapl0031,5,2017-11-08,3,4,180000.0,office purpose
519,2018-03-02,10:29:33 AM,1,sapl0031,5,2017-11-08,5,3,2000000.0,office purpose
520,2018-03-02,10:30:06 AM,1,sapl0031,5,2017-11-08,8,3,900000.0,office purpose
521,2018-03-02,10:30:28 AM,1,sapl0031,5,2017-11-13,3,8,20000.0,office purpose
522,2018-03-02,10:30:53 AM,1,sapl0031,5,2017-11-15,3,8,20000.0,office purpose
523,2018-03-02,10:31:16 AM,1,sapl0031,5,2017-11-16,3,4,30000.0,office purpose
524,2018-03-02,10:31:42 AM,1,sapl0031,5,2017-11-17,5,3,1630000.0,office purpose
525,2018-03-02,10:32:07 AM,1,sapl0031,5,2017-11-27,5,3,200000.0,office purpose
526,2018-03-02,10:32:31 AM,1,sapl0031,5,2017-11-29,5,3,400000.0,office purpose
527,2018-03-02,10:36:08 AM,1,sapl0031,5,2017-12-13,5,3,860000.0,office purpose
528,2018-03-02,10:36:29 AM,1,sapl0031,5,2017-12-16,3,4,15000.0,office purpose
529,2018-03-02,10:36:57 AM,1,sapl0031,5,2017-12-18,3,8,50000.0,office purpose
530,2018-03-02,10:37:22 AM,1,sapl0031,5,2017-12-21,3,5,5000.0,office purpose
531,2018-03-02,10:37:46 AM,1,sapl0031,5,2017-12-26,5,3,1561000.0,office purpose
532,2018-03-02,10:38:09 AM,1,sapl0031,5,2017-12-26,3,4,200000.0,office purpose
533,2018-03-02,10:38:42 AM,1,sapl0031,5,2017-12-29,5,3,237000.0,office purpose
534,2018-03-02,10:39:35 AM,1,sapl0031,5,2018-01-04,3,4,15000.0,office purpose
535,2018-03-02,10:40:01 AM,1,sapl0031,5,2018-01-04,5,3,82000.0,office purpose
536,2018-03-02,10:40:27 AM,1,sapl0031,5,2018-01-05,5,3,1091000.0,office purpose
537,2018-03-02,10:40:55 AM,1,sapl0031,5,2018-01-06,3,4,60000.0,office purpose
538,2018-03-02,10:41:25 AM,1,sapl0031,5,2018-01-11,3,5,62000.0,office purpose
539,2018-03-02,10:41:47 AM,1,sapl0031,5,2018-01-11,3,8,80000.0,office purpose
540,2018-03-02,10:42:13 AM,1,sapl0031,5,2018-01-12,3,4,20000.0,office purpose
541,2018-03-02,10:42:36 AM,1,sapl0031,5,2018-01-17,5,3,180000.0,office purpose
542,2018-03-02,10:42:56 AM,1,sapl0031,5,2018-01-19,5,3,6500000.0,office purpose
543,2018-03-02,10:43:16 AM,1,sapl0031,5,2018-01-19,3,4,50000.0,office purpose
544,2018-03-02,10:43:39 AM,1,sapl0031,5,2018-01-22,3,4,200000.0,office purpose
545,2018-03-02,10:44:05 AM,1,sapl0031,5,2018-01-25,5,3,311000.0,office purpose
546,2018-03-02,10:44:47 AM,1,sapl0031,5,2018-01-31,8,3,10000.0,office purpose
547,2018-03-02,10:45:25 AM,1,sapl0031,5,2018-02-03,5,4,10000.0,office purpose
548,2018-03-02,10:46:10 AM,1,sapl0031,5,2018-02-14,3,4,200000.0,office purpose
549,2018-03-02,10:46:36 AM,1,sapl0031,5,2018-02-20,3,4,200000.0,office purpose
550,2018-03-02,10:47:12 AM,1,sapl0031,5,2018-02-23,8,3,1400000.0,office purpose
551,2018-03-02,10:47:42 AM,1,sapl0031,5,2018-02-26,3,4,25000.0,office purpose
552,2018-03-15,8:56:07 AM,1,sapl0031,5,2018-03-03,5,3,176000.0,office purpose
553,2018-03-15,8:56:43 AM,1,sapl0031,5,2018-03-08,3,4,25000.0,office purpose
554,2018-03-15,8:57:08 AM,1,sapl0031,5,2018-03-08,3,8,12000.0,office purpose
555,2018-03-15,8:57:34 AM,1,sapl0031,5,2018-03-13,3,4,6000.0,office purpose
556,2018-03-19,10:25:28 AM,1,sapl0031,5,2018-03-16,5,8,224000.0,office purpose
557,2018-03-19,10:26:05 AM,1,sapl0031,5,2018-03-16,3,4,25000.0,office purpose
561,2018-03-26,4:55:10 PM,1,sapl0031,5,2018-03-22,5,8,900000.0,office purpose
562,2018-03-26,4:56:10 PM,1,sapl0031,5,2018-03-23,8,4,400000.0,office purpose
563,2018-03-26,4:56:50 PM,1,sapl0031,5,2018-03-23,8,3,350000.0,office purpose
564,2018-03-29,10:13:34 AM,1,sapl0031,5,2018-03-28,5,8,892000.0,OFFICE PURPOSE
565,2018-03-30,8:45:25 AM,1,sapl0031,5,2018-03-28,5,8,365000.0,office purpose
566,2018-03-30,8:46:11 AM,1,sapl0031,5,2018-03-28,8,3,500000.0,office purpose
567,2018-03-31,9:14:30 AM,1,sapl0031,5,2018-03-29,8,3,400000.0,office purpose
568,2018-03-31,9:15:31 AM,1,sapl0031,5,2018-03-29,3,5,5000.0,office purpose
569,2018-04-19,4:02:04 PM,1,sapl0031,6,2018-03-31,10,3,4000000.0,office purpose
570,2018-05-03,9:02:20 AM,1,Sapl0285,6,2018-04-03,10,4,200000.0,Office Purpose
571,2018-05-03,9:02:47 AM,1,Sapl0285,6,2018-04-03,3,4,250000.0,Office Purpose
572,2018-05-03,9:03:17 AM,1,Sapl0285,6,2018-04-03,10,3,4000000.0,Office Purpose
573,2018-05-03,9:03:45 AM,1,Sapl0285,6,2018-04-09,10,4,260000.0,Office Purpose
575,2018-05-03,9:04:38 AM,1,Sapl0285,6,2018-04-12,10,3,1000000.0,Office Purpose
576,2018-05-03,9:05:01 AM,1,Sapl0285,6,2018-04-13,3,4,25000.0,Office Purpose
577,2018-05-03,9:05:31 AM,1,Sapl0285,6,2018-04-23,10,3,300000.0,Office Purpose
578,2018-05-03,9:05:53 AM,1,Sapl0285,6,2018-04-24,3,4,30000.0,Office Purpose
579,2018-05-03,9:06:22 AM,1,Sapl0285,6,2018-04-26,3,8,350000.0,Office Purpose
580,2018-05-15,8:54:45 AM,1,Sapl0285,6,2018-05-05,3,4,10000.0,office purpose
581,2018-05-15,8:55:18 AM,1,Sapl0285,6,2018-05-08,3,4,25000.0,office purpose
582,2018-05-23,9:04:41 AM,1,Sapl0285,6,2018-05-15,10,3,500000.0,office purpose
583,2018-05-23,9:05:19 AM,1,Sapl0285,6,2018-05-23,10,3,1200000.0,office purpose
584,2018-05-23,9:05:51 AM,1,Sapl0285,6,2018-05-23,3,4,230000.0,office purpose
585,2018-05-24,8:44:10 AM,1,Sapl0285,6,2018-05-23,10,3,150000.0,office purpose
586,2018-06-04,2:58:43 PM,1,sapl0031,6,2018-05-29,3,4,20000.0,office purpose
587,2018-06-13,10:02:45 AM,1,Sapl0285,6,2018-06-06,3,10,35000.0, office purpose 
590,2018-06-13,10:06:01 AM,1,Sapl0285,6,2018-06-06,3,4,15000.0, office purpose 
591,2018-06-13,10:06:37 AM,1,Sapl0285,6,2018-06-11,10,4,30000.0, office purpose 
592,2018-07-06,4:35:24 PM,1,Sapl0285,6,2018-06-15,10,3,500000.0, Office Purpose 
593,2018-07-06,4:35:54 PM,1,Sapl0285,6,2018-06-15,3,4,200000.0, Office Purpose 
594,2018-07-06,4:36:19 PM,1,Sapl0285,6,2018-06-26,3,4,30000.0, Office Purpose 
595,2018-07-06,4:36:48 PM,1,Sapl0285,6,2018-06-29,10,3,300000.0, Office Purpose 
596,2018-07-06,4:37:14 PM,1,Sapl0285,6,2018-06-30,3,4,15000.0, Office Purpose 
597,2018-07-18,11:05:03 AM,1,Sapl0285,6,2018-07-11,3,4,20000.0,Office Purpose
598,2018-07-18,11:06:46 AM,1,Sapl0285,6,2018-07-13,10,3,300000.0, Office Purpose 
599,2018-07-18,11:08:44 AM,1,Sapl0285,6,2018-07-16,3,10,200000.0, Office Purpose 
600,2018-07-18,11:09:14 AM,1,Sapl0285,6,2018-07-18,3,4,40000.0, Office Purpose 
601,2018-07-20,8:47:08 AM,1,Sapl0285,6,2018-07-19,3,10,40000.0, Office Purpose 
602,2018-07-31,4:07:49 PM,1,Sapl0285,6,2018-07-31,10,3,1200000.0, office purpose 
603,2018-08-02,1:21:17 PM,1,Sapl0285,6,2018-07-31,3,4,75000.0, office purpose 
604,2018-08-17,11:09:21 AM,1,Sapl0285,6,2018-08-10,3,4,530000.0, office purpose 
605,2018-08-17,11:09:53 AM,1,Sapl0285,6,2018-08-10,3,10,50000.0, office purpose 
606,2018-08-17,11:10:28 AM,1,Sapl0285,6,2018-08-16,3,4,30000.0,office purpose
607,2018-08-21,1:09:38 PM,1,Sapl0285,6,2018-08-20,3,4,30000.0, office purpose 
608,2018-09-17,9:53:10 AM,1,Sapl0285,6,2018-08-30,3,4,15000.0, office purpose 
609,2018-09-17,9:53:42 AM,1,Sapl0285,6,2018-08-31,10,3,3000000.0, office purpose 
610,2018-09-17,9:55:37 AM,1,Sapl0285,6,2018-09-01,3,4,370000.0, office purpose 
611,2018-09-17,9:56:15 AM,1,Sapl0285,6,2018-09-05,3,4,75000.0, office purpose 
612,2018-09-17,9:57:00 AM,1,Sapl0285,6,2018-09-06,10,3,300000.0, Office Purpose 
613,2018-09-22,3:59:00 PM,1,Sapl0285,6,2018-09-17,10,3,200000.0, Office Purpose 
614,2018-09-22,3:59:26 PM,1,Sapl0285,6,2018-09-17,3,4,30000.0, Office Purpose 
615,2018-09-22,3:59:50 PM,1,Sapl0285,6,2018-09-21,10,4,100650.0, Office Purpose 
616,2018-09-22,4:00:14 PM,1,Sapl0285,6,2018-09-21,10,3,225000.0, Office Purpose 
617,2018-09-22,4:00:46 PM,1,Sapl0285,6,2018-09-21,3,4,220000.0, Office Purpose 
618,2018-09-26,9:59:50 AM,1,Sapl0285,6,2018-09-25,10,3,1200000.0, Office Purpose 
619,2018-09-26,10:00:18 AM,1,Sapl0285,6,2018-09-25,3,4,270000.0, Office Purpose 
620,2018-10-01,10:51:46 AM,1,Sapl0285,6,2018-09-27,3,10,50000.0,Office Purpose
621,2018-10-01,10:52:12 AM,1,Sapl0285,6,2018-09-27,3,10,30000.0, Office Purpose 
622,2018-10-25,9:00:24 AM,1,Sapl0285,6,2018-10-09,10,3,500000.0, office purpose 
623,2018-10-25,9:00:50 AM,1,Sapl0285,6,2018-10-10,10,3,100000.0, office purpose 
624,2018-10-25,9:01:11 AM,1,Sapl0285,6,2018-10-11,3,4,20000.0, office purpose 
625,2018-10-25,9:01:33 AM,1,Sapl0285,6,2018-10-12,10,3,100000.0, office purpose 
626,2018-10-25,9:02:03 AM,1,Sapl0285,6,2018-10-22,3,10,20000.0, office purpose 
627,2018-10-25,9:02:24 AM,1,Sapl0285,6,2018-10-24,3,4,30000.0, office purpose 
628,2018-10-30,3:37:27 PM,1,Sapl0285,6,2018-10-24,3,10,50000.0, office purpose 
629,2018-10-30,3:37:53 PM,1,Sapl0285,6,2018-10-25,3,4,230000.0, office purpose 
630,2018-10-30,3:38:26 PM,1,Sapl0285,6,2018-10-25,10,3,1300000.0, office purpose 
631,2018-11-02,11:30:08 AM,1,Sapl0285,6,2018-10-31,10,3,1000000.0, office purpose 
632,2018-11-02,11:30:42 AM,1,Sapl0285,6,2018-11-01,10,3,500000.0, Office Purpose 
