Id,SysDate,SysTime,CompId,SessionId,FinYearId,PLNo,WONo
4264,2018-04-14,11:39:25 AM,1,Sapl0251,6,0001,N0179
4265,2018-04-17,3:47:34 PM,1,sapl0272,6,0002,N0179
4266,2018-04-18,10:25:32 AM,1,sapl0245,6,0003,N0179
4267,2018-04-18,10:39:25 AM,1,sapl0245,6,0004,N0179
4268,2018-04-18,1:56:14 PM,1,Sapl0251,6,0005,N0179
4269,2018-04-19,2:38:16 PM,1,sapl0272,6,0006,N0179
4270,2018-04-19,2:55:31 PM,1,sapl0272,6,0007,N0179
4273,2018-04-21,9:18:00 AM,1,Sapl0251,6,0010,N0179
4274,2018-04-21,9:33:42 AM,1,Sapl0251,6,0011,N0179
4275,2018-04-21,11:02:58 AM,1,Sapl0251,6,0012,N0179
4276,2018-04-21,4:46:58 PM,1,sapl0272,6,0013,N0176
4277,2018-04-23,9:38:54 AM,1,Sapl0251,6,0014,N0179
4278,2018-04-23,1:28:13 PM,1,Sapl0251,6,0015,N0179
4279,2018-04-23,1:37:20 PM,1,Sapl0251,6,0016,N0175
4280,2018-04-24,9:11:36 AM,1,Sapl0251,6,0017,N0175
4281,2018-04-24,9:18:50 AM,1,Sapl0251,6,0018,N0175
4282,2018-04-24,2:36:02 PM,1,Sapl0251,6,0019,N0179
4284,2018-04-26,11:24:40 AM,1,Sapl0251,6,0020,N0176
4285,2018-04-26,11:36:44 AM,1,Sapl0251,6,0021,N0176
4286,2018-04-26,12:08:41 PM,1,Sapl0251,6,0022,N0175
4287,2018-04-26,1:46:12 PM,1,Sapl0251,6,0023,N0176
4288,2018-04-26,2:09:40 PM,1,Sapl0251,6,0024,N0175
4289,2018-04-26,2:34:08 PM,1,Sapl0251,6,0025,N0175
4290,2018-04-26,3:47:10 PM,1,Sapl0251,6,0026,N0175
4291,2018-04-26,4:07:42 PM,1,Sapl0251,6,0027,N0175
4292,2018-04-27,11:06:21 AM,1,Sapl0251,6,0028,N0175
4293,2018-04-27,11:26:42 AM,1,Sapl0251,6,0029,N0175
4294,2018-04-30,10:40:44 AM,1,Sapl0251,6,0030,N0175
4295,2018-04-30,10:49:40 AM,1,Sapl0251,6,0031,N0175
4296,2018-04-30,11:13:59 AM,1,Sapl0251,6,0032,N0175
4297,2018-04-30,11:30:31 AM,1,Sapl0251,6,0033,N0175
4298,2018-05-02,10:44:40 AM,1,Sapl0251,6,0034,N0175
4299,2018-05-02,10:50:20 AM,1,Sapl0251,6,0035,N0176
4300,2018-05-02,1:41:58 PM,1,sapl0245,6,0036,N0179
4301,2018-05-02,3:05:24 PM,1,sapl0245,6,0037,N0179
4302,2018-05-03,9:46:00 AM,1,Sapl0251,6,0038,N0175
4303,2018-05-03,2:00:49 PM,1,Sapl0251,6,0039,N0175
4304,2018-05-03,2:12:08 PM,1,Sapl0251,6,0040,N0175
4305,2018-05-03,2:29:07 PM,1,Sapl0251,6,0041,N0175
4306,2018-05-03,4:38:45 PM,1,Sapl0251,6,0042,N0175
4307,2018-05-03,4:46:31 PM,1,Sapl0251,6,0043,N0176
4308,2018-05-04,11:07:16 AM,1,Sapl0251,6,0044,N0175
4309,2018-05-04,2:05:24 PM,1,Sapl0251,6,0045,N0175
4310,2018-05-04,2:15:49 PM,1,Sapl0251,6,0046,N0176
4311,2018-05-04,3:55:17 PM,1,Sapl0251,6,0047,N0176
4312,2018-05-04,4:26:07 PM,1,Sapl0251,6,0048,N0176
4313,2018-05-05,9:39:05 AM,1,Sapl0251,6,0049,N0179
4314,2018-05-05,10:25:12 AM,1,Sapl0251,6,0050,N0179
4315,2018-05-05,10:30:19 AM,1,Sapl0251,6,0051,N0179
4316,2018-05-05,2:34:30 PM,1,Sapl0251,6,0052,N0179
4317,2018-05-05,2:38:16 PM,1,Sapl0251,6,0053,N0175
4318,2018-05-05,2:42:33 PM,1,Sapl0251,6,0054,N0176
4319,2018-05-05,2:44:39 PM,1,Sapl0251,6,0055,N0179
4320,2018-05-07,9:19:45 AM,1,Sapl0251,6,0056,N0179
4321,2018-05-07,9:24:14 AM,1,Sapl0251,6,0057,N0176
4322,2018-05-07,9:27:29 AM,1,Sapl0251,6,0058,N0175
4323,2018-05-07,12:04:49 PM,1,Sapl0251,6,0059,N0175
4324,2018-05-07,2:21:07 PM,1,Sapl0272,6,0060,N0179
4325,2018-05-07,2:25:50 PM,1,Sapl0272,6,0061,N0179
4326,2018-05-08,10:23:14 AM,1,Sapl0251,6,0062,N0179
4327,2018-05-08,10:38:05 AM,1,Sapl0251,6,0063,N0179
4328,2018-05-08,10:56:54 AM,1,Sapl0251,6,0064,N0176
4329,2018-05-08,10:57:48 AM,1,Sapl0251,6,0065,N0175
4330,2018-05-09,10:30:53 AM,1,Sapl0251,6,0066,N0176
4331,2018-05-09,2:10:51 PM,1,sapl0272,6,0067,N0175
4332,2018-05-11,10:31:41 AM,1,sapl0272,6,0068,N0175
4333,2018-05-14,11:43:59 AM,1,Sapl0251,6,0069,N0176
4334,2018-05-14,4:00:16 PM,1,Sapl0251,6,0070,N0176
4335,2018-05-14,4:33:35 PM,1,Sapl0251,6,0071,N0175
4336,2018-05-15,9:00:21 AM,1,Sapl0251,6,0072,N0175
4337,2018-05-15,9:13:42 AM,1,Sapl0251,6,0073,N0175
4338,2018-05-15,9:40:19 AM,1,Sapl0251,6,0074,N0175
4339,2018-05-15,9:44:39 AM,1,Sapl0251,6,0075,N0176
4340,2018-05-15,10:22:30 AM,1,Sapl0251,6,0076,N0175
4341,2018-05-15,10:26:00 AM,1,Sapl0251,6,0077,N0176
4342,2018-05-15,11:05:44 AM,1,Sapl0251,6,0078,N0176
4343,2018-05-15,11:32:38 AM,1,Sapl0251,6,0079,N0175
4344,2018-05-15,11:36:13 AM,1,Sapl0251,6,0080,N0179
4345,2018-05-15,2:33:22 PM,1,Sapl0251,6,0081,N0175
4346,2018-05-15,2:43:25 PM,1,sapl0272,6,0082,N0175
4347,2018-05-15,2:52:41 PM,1,Sapl0251,6,0083,N0176
4348,2018-05-15,3:03:35 PM,1,sapl0272,6,0084,N0175
4349,2018-05-16,11:45:06 AM,1,sapl0272,6,0085,N0175
4350,2018-05-16,1:45:16 PM,1,sapl0272,6,0086,N0175
4351,2018-05-16,3:55:20 PM,1,Sapl0251,6,0087,N0175
4352,2018-05-16,3:57:27 PM,1,Sapl0251,6,0088,N0176
4353,2018-05-18,9:24:26 AM,1,Sapl0251,6,0089,N0175
4354,2018-05-18,9:27:29 AM,1,Sapl0251,6,0090,N0176
4355,2018-05-18,10:05:10 AM,1,Sapl0251,6,0091,N0175
4356,2018-05-18,2:33:24 PM,1,sapl0272,6,0092,N0176
4357,2018-05-19,9:03:10 AM,1,Sapl0251,6,0093,N0175
4358,2018-05-28,1:22:29 PM,1,Sapl0272,6,0094,N0155
4359,2018-05-31,1:26:46 PM,1,sapl0272,6,0095,N0175
4360,2018-06-01,9:25:55 AM,1,Sapl0272,6,0096,N0155
4361,2018-06-01,10:39:46 AM,1,Sapl0272,6,0097,N0155
4362,2018-06-02,10:43:18 AM,1,Sapl0272,6,0098,N0155
4363,2018-06-04,11:27:20 AM,1,Sapl0251,6,0099,N0155
4364,2018-06-06,1:14:13 PM,1,Sapl0251,6,0100,N0178
4365,2018-06-07,2:57:03 PM,1,sapl0272,6,0101,N0155
4366,2018-06-08,12:27:47 PM,1,Sapl0251,6,0102,N0178
4367,2018-06-08,1:49:54 PM,1,Sapl0251,6,0103,N0155
4368,2018-06-09,9:36:29 AM,1,Sapl0251,6,0104,N0155
4369,2018-06-13,8:57:17 AM,1,Sapl0272,6,0105,N0155
4370,2018-06-14,2:09:42 PM,1,Sapl0251,6,0106,N0155
4371,2018-06-14,3:23:57 PM,1,Sapl0251,6,0107,N0155
4372,2018-06-14,3:27:54 PM,1,Sapl0251,6,0108,N0178
4373,2018-06-14,3:33:52 PM,1,Sapl0251,6,0109,N0176
4374,2018-06-14,4:47:25 PM,1,Sapl0251,6,0110,N0155
4375,2018-06-15,9:39:29 AM,1,Sapl0251,6,0111,N0178
4376,2018-06-15,10:16:43 AM,1,Sapl0251,6,0112,N0178
4377,2018-06-15,10:37:47 AM,1,Sapl0251,6,0113,N0178
4378,2018-06-15,10:51:14 AM,1,Sapl0251,6,0114,N0178
4379,2018-06-15,10:53:37 AM,1,Sapl0251,6,0115,N0155
4380,2018-06-15,11:34:38 AM,1,Sapl0251,6,0116,N0178
4381,2018-06-15,11:38:14 AM,1,Sapl0251,6,0117,N0176
4382,2018-06-15,11:57:02 AM,1,Sapl0251,6,0118,N0155
4383,2018-06-16,9:03:59 AM,1,Sapl0251,6,0119,N0155
4384,2018-06-16,9:15:55 AM,1,Sapl0251,6,0120,N0178
4385,2018-06-16,9:21:48 AM,1,Sapl0251,6,0121,N0155
4386,2018-06-16,10:34:51 AM,1,Sapl0251,6,0122,N0155
4387,2018-06-16,11:35:19 AM,1,Sapl0251,6,0123,N0155
4388,2018-06-16,11:37:18 AM,1,Sapl0251,6,0124,N0178
4389,2018-06-18,10:10:07 AM,1,Sapl0251,6,0125,N0155
4390,2018-06-18,10:19:44 AM,1,Sapl0251,6,0126,N0176
4391,2018-06-18,12:15:24 PM,1,Sapl0272,6,0127,N0155
4392,2018-06-18,4:25:56 PM,1,Sapl0251,6,0128,N0155
4393,2018-06-20,12:15:34 PM,1,Sapl0251,6,0129,N0155
4394,2018-06-21,9:35:36 AM,1,Sapl0251,6,0130,N0175
4395,2018-06-22,9:30:29 AM,1,sapl0258,6,0131,N0155
4396,2018-06-22,10:28:12 AM,1,sapl0288,6,0132,N0155
4397,2018-06-22,2:47:18 PM,1,sapl0288,6,0133,N0155
4398,2018-06-22,3:07:18 PM,1,sapl0288,6,0134,N0155
4399,2018-06-22,3:22:51 PM,1,sapl0258,6,0135,N0155
4400,2018-06-23,3:11:27 PM,1,sapl0288,6,0136,N0155
4401,2018-06-25,10:18:39 AM,1,Sapl0251,6,0137,N0155
4402,2018-06-25,1:14:03 PM,1,Sapl0251,6,0138,N0176
4403,2018-06-25,1:15:50 PM,1,Sapl0251,6,0139,N0178
4404,2018-06-25,1:21:52 PM,1,Sapl0251,6,0140,N0155
4405,2018-06-25,3:34:44 PM,1,Sapl0251,6,0141,N0155
4406,2018-06-25,3:35:39 PM,1,Sapl0251,6,0142,N0178
4407,2018-06-25,4:06:19 PM,1,sapl0288,6,0143,N0155
4408,2018-06-26,9:01:41 AM,1,Sapl0251,6,0144,N0155
4409,2018-06-26,9:58:44 AM,1,Sapl0251,6,0145,N0155
4410,2018-06-26,10:01:12 AM,1,sapl0288,6,0146,N0155
4411,2018-06-26,3:35:04 PM,1,sapl0288,6,0147,N0176
4412,2018-06-27,10:24:50 AM,1,sapl0288,6,0148,N0155
4413,2018-06-29,12:04:26 PM,1,sapl0258,6,0149,N0155
4414,2018-06-29,2:55:16 PM,1,sapl0258,6,0150,N0178
4415,2018-06-30,9:58:18 AM,1,Sapl0251,6,0151,N0155
4416,2018-07-02,3:50:45 PM,1,sapl0288,6,0152,N0155
4417,2018-07-02,4:38:43 PM,1,Sapl0272,6,0153,N0155
4418,2018-07-02,4:54:37 PM,1,sapl0288,6,0154,N0155
4419,2018-07-03,9:00:51 AM,1,sapl0258,6,0155,N0181
4420,2018-07-03,11:15:47 AM,1,sapl0288,6,0156,N0155
4421,2018-07-03,12:16:19 PM,1,sapl0288,6,0157,N0155
4422,2018-07-03,1:36:38 PM,1,sapl0288,6,0158,N0155
4423,2018-07-03,2:40:22 PM,1,sapl0288,6,0159,N0155
4424,2018-07-03,4:31:38 PM,1,sapl0288,6,0160,N0155
4425,2018-07-04,9:16:09 AM,1,sapl0288,6,0161,N0155
4426,2018-07-05,10:30:57 AM,1,sapl0288,6,0162,N0182
4427,2018-07-05,11:36:22 AM,1,sapl0288,6,0163,N0182
4428,2018-07-05,1:49:12 PM,1,sapl0288,6,0164,N0181
4429,2018-07-05,2:59:46 PM,1,sapl0288,6,0165,N0181
4430,2018-07-05,3:35:43 PM,1,sapl0288,6,0166,N0181
4431,2018-07-06,10:08:12 AM,1,sapl0288,6,0167,N0155
4432,2018-07-06,2:06:03 PM,1,sapl0288,6,0168,N0155
4433,2018-07-06,4:07:38 PM,1,sapl0288,6,0169,N0155
4434,2018-07-07,9:55:46 AM,1,sapl0288,6,0170,N0155
4435,2018-07-07,11:10:01 AM,1,sapl0288,6,0171,N0155
4436,2018-07-07,3:08:38 PM,1,sapl0288,6,0172,N0155
4437,2018-07-08,10:35:01 AM,1,sapl0288,6,0173,N0175
4438,2018-07-08,10:44:07 AM,1,sapl0288,6,0174,N0182
4439,2018-07-09,4:55:01 PM,1,sapl0288,6,0175,N0155
4440,2018-07-10,8:58:50 AM,1,sapl0258,6,0176,N0155
4441,2018-07-10,9:38:24 AM,1,sapl0258,6,0177,N0182
4442,2018-07-10,1:35:49 PM,1,sapl0288,6,0178,N0155
4443,2018-07-10,3:20:52 PM,1,sapl0288,6,0179,N0155
4444,2018-07-10,3:35:25 PM,1,Sapl0272,6,0180,N0155
4445,2018-07-10,4:06:45 PM,1,sapl0288,6,0181,N0155
4446,2018-07-10,4:53:01 PM,1,sapl0288,6,0182,N0155
4447,2018-07-11,10:19:51 AM,1,sapl0288,6,0183,N0155
4448,2018-07-11,10:30:09 AM,1,sapl0288,6,0184,N0155
4449,2018-07-12,11:30:53 AM,1,sapl0288,6,0185,N0155
4450,2018-07-12,12:02:27 PM,1,sapl0288,6,0186,N0155
4451,2018-07-12,12:12:55 PM,1,sapl0288,6,0187,N0155
4452,2018-07-12,12:19:25 PM,1,sapl0288,6,0188,N0155
4453,2018-07-12,4:27:29 PM,1,sapl0288,6,0189,N0155
4454,2018-07-13,11:36:12 AM,1,sapl0288,6,0190,N0155
4455,2018-07-13,4:34:31 PM,1,sapl0288,6,0191,N0155
4456,2018-07-14,9:09:12 AM,1,sapl0288,6,0192,N0155
4457,2018-07-14,10:39:46 AM,1,sapl0288,6,0193,N0155
4458,2018-07-14,12:31:05 PM,1,sapl0288,6,0194,N0155
4459,2018-07-14,1:16:47 PM,1,sapl0288,6,0195,N0155
4460,2018-07-16,1:34:06 PM,1,sapl0288,6,0196,N0155
4461,2018-07-16,4:52:27 PM,1,sapl0288,6,0197,N0155
4462,2018-07-17,10:31:45 AM,1,Sapl0272,6,0198,N0155
4463,2018-07-17,11:34:13 AM,1,sapl0288,6,0199,N0155
4464,2018-07-17,4:16:04 PM,1,Sapl0272,6,0200,N0155
4465,2018-07-18,11:10:30 AM,1,sapl0288,6,0201,N0155
4466,2018-07-18,2:27:56 PM,1,sapl0288,6,0202,N0155
4467,2018-07-18,3:57:48 PM,1,Sapl0272,6,0203,N0155
4468,2018-07-19,11:54:32 AM,1,sapl0288,6,0204,N0155
4469,2018-07-20,11:30:23 AM,1,sapl0288,6,0205,N0155
4470,2018-07-20,1:54:45 PM,1,sapl0288,6,0206,N0155
4471,2018-07-20,4:55:29 PM,1,sapl0288,6,0207,N0155
4472,2018-07-23,11:23:45 AM,1,sapl0288,6,0208,N0155
4473,2018-07-23,3:54:55 PM,1,sapl0288,6,0209,N0155
4474,2018-07-23,4:00:41 PM,1,sapl0288,6,0210,N0182
4475,2018-07-24,1:08:12 PM,1,sapl0288,6,0211,N0155
4476,2018-07-24,1:25:59 PM,1,sapl0288,6,0212,N0155
4477,2018-07-25,12:10:03 PM,1,Sapl0272,6,0213,N0155
4478,2018-07-25,1:45:01 PM,1,Sapl0272,6,0214,N0155
4479,2018-07-25,2:39:14 PM,1,sapl0258,6,0215,N0182
4480,2018-07-25,3:46:26 PM,1,Sapl0272,6,0216,N0155
4481,2018-07-26,11:03:00 AM,1,sapl0288,6,0217,N0155
4482,2018-07-26,11:46:37 AM,1,sapl0288,6,0218,N0155
4483,2018-07-26,1:33:27 PM,1,sapl0288,6,0219,N0155
4484,2018-07-27,1:51:11 PM,1,sapl0288,6,0220,N0155
4485,2018-07-27,2:52:53 PM,1,sapl0288,6,0221,N0155
4486,2018-07-27,4:05:12 PM,1,Sapl0272,6,0222,N0155
4487,2018-07-28,10:43:32 AM,1,sapl0288,6,0223,N0155
4488,2018-07-28,4:25:23 PM,1,Sapl0272,6,0224,N0155
4489,2018-07-31,2:40:40 PM,1,sapl0288,6,0225,N0155
4490,2018-07-31,4:37:04 PM,1,sapl0288,6,0226,J0108
4491,2018-08-01,2:14:05 PM,1,sapl0288,6,0227,N0155
4492,2018-08-04,2:31:06 PM,1,Sapl0251,6,0228,N0155
4493,2018-08-06,10:33:20 AM,1,Sapl0251,6,0229,N0155
4494,2018-08-06,10:37:01 AM,1,Sapl0251,6,0230,N0183
4495,2018-08-07,11:10:44 AM,1,Sapl0251,6,0231,N0155
4496,2018-08-07,11:12:23 AM,1,Sapl0251,6,0232,N0181
4497,2018-08-07,11:14:28 AM,1,Sapl0251,6,0233,N0183
4498,2018-08-07,11:16:47 AM,1,Sapl0251,6,0234,N0183
4499,2018-08-07,11:49:28 AM,1,sapl0258,6,0235,N0183
4500,2018-08-08,9:30:45 AM,1,sapl0288,6,0236,N0155
4501,2018-08-08,10:24:31 AM,1,Sapl0251,6,0237,N0155
4502,2018-08-08,10:31:52 AM,1,Sapl0251,6,0238,N0183
4503,2018-08-08,10:35:35 AM,1,Sapl0251,6,0239,N0175
4504,2018-08-08,1:51:06 PM,1,sapl0288,6,0240,N0155
4505,2018-08-08,3:44:49 PM,1,sapl0288,6,0241,N0155
4506,2018-08-10,8:55:11 AM,1,Sapl0251,6,0242,N0155
4507,2018-08-10,8:57:48 AM,1,Sapl0251,6,0243,N0155
4508,2018-08-10,9:10:45 AM,1,Sapl0251,6,0244,N0181
4509,2018-08-10,9:12:56 AM,1,Sapl0251,6,0245,N0183
4510,2018-08-10,9:17:02 AM,1,Sapl0251,6,0246,N0155
4511,2018-08-10,9:21:00 AM,1,Sapl0251,6,0247,N0182
4512,2018-08-10,11:38:07 AM,1,sapl0288,6,0248,N0155
4513,2018-08-10,11:55:26 AM,1,sapl0288,6,0249,N0183
4514,2018-08-10,1:23:08 PM,1,Sapl0272,6,0250,N0155
4515,2018-08-10,2:07:35 PM,1,Sapl0251,6,0251,N0155
4516,2018-08-10,2:11:14 PM,1,Sapl0251,6,0252,N0155
4517,2018-08-11,11:37:33 AM,1,sapl0288,6,0253,N0155
4518,2018-08-13,2:08:13 PM,1,sapl0288,6,0254,N0155
4519,2018-08-16,2:16:37 PM,1,sapl0288,6,0255,N0155
4520,2018-08-16,2:24:11 PM,1,sapl0288,6,0256,N0183
4521,2018-08-16,4:27:11 PM,1,sapl0288,6,0257,N0183
4522,2018-08-17,9:51:11 AM,1,sapl0288,6,0258,N0155
4523,2018-08-17,9:55:49 AM,1,sapl0288,6,0259,N0183
4524,2018-08-17,12:00:24 PM,1,sapl0288,6,0260,N0175
4525,2018-08-17,12:02:41 PM,1,sapl0288,6,0261,N0179
4526,2018-08-17,12:07:51 PM,1,sapl0288,6,0262,N0183
4527,2018-08-17,4:14:09 PM,1,sapl0288,6,0263,N0155
4528,2018-08-18,10:22:56 AM,1,sapl0288,6,0264,N0155
4529,2018-08-18,12:05:35 PM,1,sapl0288,6,0265,N0181
4530,2018-08-18,1:13:33 PM,1,sapl0288,6,0266,J0102
4531,2018-08-18,1:25:17 PM,1,sapl0288,6,0267,J0101
4532,2018-08-18,1:31:35 PM,1,sapl0288,6,0268,N0155
4533,2018-08-18,2:00:01 PM,1,sapl0288,6,0269,N0155
4534,2018-08-20,10:45:29 AM,1,Sapl0272,6,0270,N0181
4535,2018-08-20,1:41:21 PM,1,sapl0288,6,0271,N0175
4536,2018-08-20,1:45:12 PM,1,sapl0288,6,0272,N0183
4537,2018-08-21,1:47:47 PM,1,sapl0288,6,0273,N0175
4538,2018-08-21,1:59:07 PM,1,sapl0288,6,0274,N0155
4539,2018-08-21,2:09:17 PM,1,sapl0288,6,0275,N0183
4540,2018-08-22,11:24:41 AM,1,sapl0288,6,0276,N0175
4541,2018-08-22,1:57:41 PM,1,Sapl0272,6,0277,N0183
4542,2018-08-22,2:27:53 PM,1,Sapl0272,6,0278,N0183
4543,2018-08-22,3:47:31 PM,1,Sapl0272,6,0279,N0181
4544,2018-08-22,3:59:30 PM,1,sapl0288,6,0280,N0175
4545,2018-08-22,4:02:05 PM,1,sapl0288,6,0281,N0181
4546,2018-08-22,4:45:18 PM,1,sapl0288,6,0282,N0155
4547,2018-08-23,2:18:22 PM,1,sapl0288,6,0283,N0181
4548,2018-08-23,2:20:00 PM,1,sapl0288,6,0284,N0183
4549,2018-08-25,10:26:33 AM,1,Sapl0272,6,0285,N0155
4550,2018-08-25,2:43:27 PM,1,sapl0288,6,0286,N0181
4551,2018-08-27,10:24:56 AM,1,sapl0288,6,0287,N0155
4552,2018-08-27,10:26:18 AM,1,sapl0288,6,0288,N0183
4553,2018-08-27,10:44:28 AM,1,sapl0288,6,0289,N0155
4554,2018-08-27,10:49:25 AM,1,sapl0288,6,0290,N0155
4555,2018-08-27,3:06:20 PM,1,sapl0288,6,0291,N0175
4556,2018-08-27,4:52:38 PM,1,sapl0288,6,0292,N0155
4557,2018-08-28,9:26:34 AM,1,sapl0288,6,0293,N0155
4558,2018-08-28,2:49:56 PM,1,sapl0288,6,0294,N0155
4559,2018-08-28,4:40:09 PM,1,sapl0288,6,0295,N0183
4560,2018-08-28,4:42:56 PM,1,sapl0288,6,0296,N0181
4561,2018-08-28,4:45:41 PM,1,sapl0288,6,0297,N0182
4562,2018-08-29,12:00:27 PM,1,sapl0288,6,0298,N0183
4563,2018-08-29,5:14:08 PM,1,sapl0288,6,0299,N0175
4564,2018-08-30,9:51:46 AM,1,sapl0288,6,0300,N0175
4565,2018-08-30,11:03:11 AM,1,sapl0288,6,0301,N0181
4566,2018-08-30,11:35:38 AM,1,sapl0288,6,0302,N0182
4567,2018-08-30,11:59:47 AM,1,sapl0288,6,0303,N0183
4568,2018-08-30,3:40:00 PM,1,sapl0288,6,0304,N0181
4569,2018-08-30,4:35:44 PM,1,Sapl0272,6,0305,N0155
4570,2018-09-01,12:27:45 PM,1,sapl0288,6,0306,N0175
4571,2018-09-01,12:29:22 PM,1,sapl0288,6,0307,N0183
4572,2018-09-05,1:23:48 PM,1,sapl0288,6,0308,N0175
4573,2018-09-05,1:51:37 PM,1,sapl0288,6,0309,N0183
4574,2018-09-06,4:03:05 PM,1,Sapl0272,6,0310,N0183
4575,2018-09-07,10:35:21 AM,1,SAPL0288,6,0311,N0155
4576,2018-09-07,11:56:54 AM,1,SAPL0288,6,0312,N0183
4577,2018-09-10,11:17:49 AM,1,Sapl0272,6,0313,N0183
4578,2018-09-10,1:33:37 PM,1,sapl0288,6,0314,N0183
4579,2018-09-10,1:36:18 PM,1,sapl0288,6,0315,N0175
4580,2018-09-10,4:06:07 PM,1,Sapl0272,6,0316,N0181
4581,2018-09-10,4:49:52 PM,1,sapl0288,6,0317,N0175
4582,2018-09-12,11:08:32 AM,1,sapl0288,6,0318,N0175
4583,2018-09-15,11:01:08 AM,1,sapl0288,6,0319,N0183
4584,2018-09-15,4:12:37 PM,1,sapl0288,6,0320,N0181
4585,2018-09-15,4:27:03 PM,1,sapl0288,6,0321,N0183
4586,2018-09-17,12:28:36 PM,1,sapl0288,6,0322,N0181
4587,2018-09-17,3:25:41 PM,1,sapl0288,6,0323,N0181
4588,2018-09-17,3:55:56 PM,1,sapl0288,6,0324,N0181
4589,2018-09-19,2:49:44 PM,1,Sapl0272,6,0325,N0183
4590,2018-09-20,1:27:22 PM,1,sapl0288,6,0326,N0155
4591,2018-09-20,1:52:17 PM,1,sapl0288,6,0327,N0155
4592,2018-09-20,1:56:47 PM,1,sapl0288,6,0328,N0175
4593,2018-09-20,2:03:55 PM,1,sapl0288,6,0329,N0176
4594,2018-09-20,2:12:41 PM,1,sapl0288,6,0330,N0182
4595,2018-09-20,2:15:42 PM,1,sapl0288,6,0331,N0181
4596,2018-09-20,2:19:39 PM,1,sapl0288,6,0332,N0175
4597,2018-09-20,3:52:13 PM,1,sapl0288,6,0333,N0181
4598,2018-09-22,2:38:21 PM,1,Sapl0272,6,0334,N0178
4599,2018-09-25,9:49:58 AM,1,sapl0288,6,0335,N0178
4600,2018-09-25,10:05:25 AM,1,sapl0288,6,0336,N0178
4601,2018-09-25,12:27:51 PM,1,sapl0288,6,0337,N0181
4602,2018-09-26,11:22:54 AM,1,sapl0288,6,0338,N0183
4603,2018-09-26,2:36:42 PM,1,sapl0288,6,0339,N0178
4604,2018-09-27,11:03:11 AM,1,sapl0288,6,0340,N0182
4605,2018-10-09,10:56:58 AM,1,sapl0288,6,0341,N0155
4606,2018-10-15,11:10:59 AM,1,SAPL0288,6,0342,N0184
4607,2018-10-15,2:25:01 PM,1,SAPL0288,6,0343,N0178
4608,2018-10-15,2:27:52 PM,1,SAPL0288,6,0344,N0182
4609,2018-10-16,11:22:49 AM,1,SAPL0288,6,0345,N0182
4610,2018-10-16,11:26:06 AM,1,SAPL0288,6,0346,N0181
4611,2018-10-16,1:12:18 PM,1,SAPL0288,6,0347,N0155
4612,2018-10-17,1:54:56 PM,1,SAPL0288,6,0348,N0182
4613,2018-10-17,1:59:25 PM,1,SAPL0288,6,0349,N0181
4614,2018-10-20,5:17:57 PM,1,SAPL0288,6,0350,N0182
4615,2018-10-22,5:04:14 PM,1,SAPL0288,6,0351,N0184
4616,2018-10-22,5:06:52 PM,1,SAPL0288,6,0352,N0184
4617,2018-10-25,11:59:05 AM,1,SAPL0288,6,0353,N0184
4618,2018-10-25,2:39:09 PM,1,SAPL0288,6,0354,N0178
4619,2018-10-26,11:17:54 AM,1,SAPL0288,6,0355,N0184
4620,2018-10-26,1:52:40 PM,1,SAPL0288,6,0356,N0184
4621,2018-10-27,9:20:34 AM,1,SAPL0288,6,0357,N0184
4622,2018-10-27,9:38:38 AM,1,SAPL0288,6,0358,N0182
4623,2018-10-27,2:27:53 PM,1,SAPL0288,6,0359,J0109
4624,2018-10-27,2:38:20 PM,1,SAPL0288,6,0360,J0109
4625,2018-10-29,10:40:54 AM,1,SAPL0288,6,0361,N0185
4626,2018-10-29,10:48:39 AM,1,SAPL0288,6,0362,N0184
4627,2018-10-29,11:55:30 AM,1,SAPL0288,6,0363,N0181
4628,2018-10-29,1:13:50 PM,1,SAPL0288,6,0364,N0182
4629,2018-10-29,1:17:46 PM,1,SAPL0288,6,0365,N0182
4630,2018-10-29,1:34:46 PM,1,SAPL0288,6,0366,N0182
4631,2018-10-29,3:22:16 PM,1,SAPL0288,6,0367,N0182
4632,2018-10-29,3:23:55 PM,1,SAPL0288,6,0368,N0182
4633,2018-10-30,9:36:22 AM,1,SAPL0288,6,0369,N0184
4634,2018-10-30,11:00:22 AM,1,SAPL0288,6,0370,N0185
4635,2018-10-30,11:07:36 AM,1,SAPL0288,6,0371,N0184
4636,2018-10-30,11:32:18 AM,1,SAPL0288,6,0372,N0184
4637,2018-10-31,9:25:08 AM,1,SAPL0288,6,0373,N0185
4638,2018-10-31,9:26:38 AM,1,SAPL0288,6,0374,N0185
4639,2018-10-31,9:28:36 AM,1,SAPL0288,6,0375,N0185
4640,2018-11-01,9:16:35 AM,1,SAPL0288,6,0376,N0184
4641,2018-11-01,9:18:57 AM,1,SAPL0288,6,0377,N0184
4642,2018-11-01,9:20:54 AM,1,SAPL0288,6,0378,N0184
4643,2018-11-01,9:25:14 AM,1,SAPL0288,6,0379,N0184
4644,2018-11-01,9:28:44 AM,1,SAPL0288,6,0380,N0184
4645,2018-11-01,4:23:06 PM,1,SAPL0288,6,0381,N0184
4646,2018-11-01,4:25:00 PM,1,SAPL0288,6,0382,N0184
4647,2018-11-01,4:26:55 PM,1,SAPL0288,6,0383,N0184
4648,2018-11-01,4:30:27 PM,1,SAPL0288,6,0384,N0184
4649,2018-11-01,5:10:51 PM,1,SAPL0288,6,0385,N0184
4650,2018-11-01,5:12:59 PM,1,SAPL0288,6,0386,N0184
4651,2018-11-01,5:15:35 PM,1,SAPL0288,6,0387,N0184
4652,2018-11-02,9:21:11 AM,1,SAPL0288,6,0388,N0184
4653,2018-11-02,9:23:53 AM,1,SAPL0288,6,0389,N0184
4654,2018-11-02,9:30:34 AM,1,SAPL0288,6,0390,N0184
4655,2018-11-02,9:32:41 AM,1,SAPL0288,6,0391,N0184
4656,2018-11-02,9:34:30 AM,1,SAPL0288,6,0392,N0184
4657,2018-11-02,9:36:20 AM,1,SAPL0288,6,0393,N0184
4658,2018-11-03,11:30:49 AM,1,SAPL0288,6,0394,N0184
4659,2018-11-03,11:56:17 AM,1,SAPL0288,6,0395,N0184
4660,2018-11-03,12:01:58 PM,1,SAPL0288,6,0396,N0184
4661,2018-11-03,12:05:55 PM,1,SAPL0288,6,0397,N0184
4662,2018-11-03,12:13:09 PM,1,SAPL0288,6,0398,N0184
4663,2018-11-03,1:24:15 PM,1,SAPL0288,6,0399,N0184
4664,2018-11-03,4:12:11 PM,1,SAPL0288,6,0400,N0184
4665,2018-11-03,4:14:03 PM,1,SAPL0288,6,0401,N0184
4666,2018-11-03,4:16:13 PM,1,SAPL0288,6,0402,N0184
4667,2018-11-03,4:18:17 PM,1,SAPL0288,6,0403,N0184
4668,2018-11-03,4:20:37 PM,1,SAPL0288,6,0404,N0184
4669,2018-11-13,9:55:17 AM,1,SAPL0288,6,0405,N0184
4670,2018-11-13,10:43:52 AM,1,SAPL0288,6,0406,N0184
4671,2018-11-13,10:46:51 AM,1,SAPL0288,6,0407,N0184
4672,2018-11-13,10:49:03 AM,1,SAPL0288,6,0408,N0184
4673,2018-11-13,11:03:53 AM,1,SAPL0288,6,0409,N0183
4674,2018-11-13,11:05:06 AM,1,SAPL0288,6,0410,N0183
4675,2018-11-13,11:06:23 AM,1,SAPL0288,6,0411,N0183
4676,2018-11-13,11:07:35 AM,1,SAPL0288,6,0412,N0183
4677,2018-11-13,11:08:30 AM,1,SAPL0288,6,0413,N0183
4678,2018-11-13,11:09:27 AM,1,SAPL0288,6,0414,N0183
4679,2018-11-13,1:15:48 PM,1,SAPL0288,6,0415,N0184
4680,2018-11-13,1:18:28 PM,1,SAPL0288,6,0416,N0184
4681,2018-11-13,1:20:36 PM,1,SAPL0288,6,0417,N0184
4682,2018-11-13,2:01:46 PM,1,SAPL0288,6,0418,N0175
4683,2018-11-14,10:18:38 AM,1,SAPL0288,6,0419,N0184
4684,2018-11-14,10:21:15 AM,1,SAPL0288,6,0420,N0184
4685,2018-11-14,11:36:07 AM,1,SAPL0288,6,0421,N0183
4686,2018-11-14,11:41:10 AM,1,SAPL0288,6,0422,N0183
4687,2018-11-14,11:44:48 AM,1,SAPL0288,6,0423,N0184
4688,2018-11-14,11:54:06 AM,1,SAPL0288,6,0424,N0184
4689,2018-11-14,3:52:07 PM,1,SAPL0288,6,0425,N0184
4690,2018-11-14,4:09:28 PM,1,SAPL0288,6,0426,N0184
4691,2018-11-14,4:11:39 PM,1,SAPL0288,6,0427,N0184
4692,2018-11-14,4:13:51 PM,1,SAPL0288,6,0428,N0184
4693,2018-11-14,4:14:44 PM,1,SAPL0288,6,0429,N0183
4694,2018-11-14,4:15:53 PM,1,SAPL0288,6,0430,N0183
4695,2018-11-14,4:24:37 PM,1,SAPL0288,6,0431,N0183
4696,2018-11-14,4:25:30 PM,1,SAPL0288,6,0432,N0183
4697,2018-11-14,5:02:39 PM,1,SAPL0288,6,0433,N0184
4698,2018-11-16,10:53:05 AM,1,SAPL0288,6,0434,N0184
4699,2018-11-16,11:08:31 AM,1,SAPL0288,6,0435,N0184
4700,2018-11-16,11:11:26 AM,1,SAPL0288,6,0436,N0184
4701,2018-11-16,11:14:10 AM,1,SAPL0288,6,0437,N0184
4702,2018-11-16,12:09:21 PM,1,SAPL0288,6,0438,N0184
4703,2018-11-16,2:12:08 PM,1,SAPL0288,6,0439,N0178
4704,2018-11-16,2:44:29 PM,1,SAPL0288,6,0440,N0184
4705,2018-11-16,2:46:57 PM,1,SAPL0288,6,0441,N0184
4706,2018-11-16,3:09:30 PM,1,Sapl0288,6,0442,N0155
4707,2018-11-16,4:07:19 PM,1,SAPL0288,6,0443,N0184
4708,2018-11-17,12:07:04 PM,1,SAPL0288,6,0444,N0184
4709,2018-11-17,12:24:41 PM,1,SAPL0288,6,0445,N0184
4710,2018-11-17,1:24:15 PM,1,SAPL0288,6,0446,N0184
4711,2018-11-17,1:39:12 PM,1,SAPL0288,6,0447,N0184
4712,2018-11-19,11:21:33 AM,1,SAPL0288,6,0448,N0184
4713,2018-11-19,11:26:50 AM,1,SAPL0288,6,0449,N0184
4714,2018-11-19,11:50:56 AM,1,SAPL0288,6,0450,N0155
4715,2018-11-19,12:21:07 PM,1,SAPL0288,6,0451,N0184
4716,2018-11-19,1:51:14 PM,1,SAPL0288,6,0452,N0184
4717,2018-11-19,1:55:51 PM,1,SAPL0288,6,0453,N0184
4718,2018-11-19,1:58:50 PM,1,SAPL0288,6,0454,N0184
4719,2018-11-19,2:02:04 PM,1,SAPL0288,6,0455,N0184
4720,2018-11-20,2:13:11 PM,1,SAPL0288,6,0456,N0184
4721,2018-11-20,2:21:21 PM,1,SAPL0288,6,0457,N0184
4722,2018-11-20,2:24:54 PM,1,SAPL0288,6,0458,N0184
4723,2018-11-20,2:31:58 PM,1,SAPL0288,6,0459,N0184
4724,2018-11-20,2:37:49 PM,1,SAPL0288,6,0460,N0184
4725,2018-11-20,3:49:05 PM,1,SAPL0288,6,0461,N0184
4726,2018-11-20,3:53:15 PM,1,SAPL0288,6,0462,N0184
4727,2018-11-20,3:56:24 PM,1,SAPL0288,6,0463,N0184
4728,2018-11-20,3:59:11 PM,1,SAPL0288,6,0464,N0184
4729,2018-11-20,4:01:48 PM,1,SAPL0288,6,0465,N0184
4730,2018-11-20,4:04:38 PM,1,SAPL0288,6,0466,N0184
4731,2018-11-20,4:07:32 PM,1,SAPL0288,6,0467,N0184
4732,2018-11-21,2:20:13 PM,1,SAPL0288,6,0468,N0184
4733,2018-11-21,2:38:33 PM,1,SAPL0288,6,0469,N0184
4734,2018-11-21,3:22:59 PM,1,SAPL0288,6,0470,N0184
4735,2018-11-21,3:34:02 PM,1,SAPL0288,6,0471,N0184
4736,2018-11-21,3:40:41 PM,1,SAPL0288,6,0472,N0184
4737,2018-11-21,3:44:02 PM,1,SAPL0288,6,0473,N0184
4738,2018-11-21,3:47:24 PM,1,SAPL0288,6,0474,N0184
4739,2018-11-21,3:50:14 PM,1,SAPL0288,6,0475,N0184
4740,2018-11-21,3:53:22 PM,1,SAPL0288,6,0476,N0184
4741,2018-11-22,11:24:04 AM,1,SAPL0288,6,0477,N0184
4742,2018-11-22,11:33:10 AM,1,SAPL0288,6,0478,N0184
4743,2018-11-22,4:22:00 PM,1,SAPL0288,6,0479,N0185
4744,2018-11-22,4:42:02 PM,1,SAPL0288,6,0480,N0185
4745,2018-11-22,5:13:14 PM,1,SAPL0288,6,0481,N0185
4746,2018-11-23,11:04:26 AM,1,SAPL0288,6,0482,N0184
4747,2018-11-23,12:06:14 PM,1,SAPL0288,6,0483,N0185
4748,2018-11-23,12:07:25 PM,1,SAPL0288,6,0484,N0185
4749,2018-11-23,4:19:48 PM,1,SAPL0288,6,0485,N0184
4750,2018-11-23,4:24:25 PM,1,SAPL0288,6,0486,N0184
4751,2018-11-23,4:28:11 PM,1,SAPL0288,6,0487,N0184
4752,2018-11-26,11:29:24 AM,1,SAPL0288,6,0488,N0155
4753,2018-11-26,12:00:15 PM,1,SAPL0288,6,0489,N0155
4754,2018-11-26,12:16:10 PM,1,SAPL0288,6,0490,N0184
4755,2018-11-26,12:17:38 PM,1,SAPL0288,6,0491,N0183
4756,2018-11-26,12:21:55 PM,1,SAPL0288,6,0492,N0155
4757,2018-11-28,11:46:26 AM,1,Sapl0294,6,0493,N0184
4758,2018-11-28,11:53:20 AM,1,Sapl0294,6,0494,N0184
4759,2018-11-28,5:26:02 PM,1,SAPL0294,6,0495,N0184
4760,2018-12-03,5:50:09 PM,1,SAPL0288,6,0496,N0184
4761,2018-12-04,8:57:31 AM,1,SAPL0294,6,0497,N0184
4762,2018-12-04,9:01:31 AM,1,SAPL0294,6,0498,N0184
4763,2018-12-04,9:19:30 AM,1,SAPL0294,6,0499,N0184
4764,2018-12-04,9:24:26 AM,1,SAPL0294,6,0500,N0184
4765,2018-12-04,9:25:37 AM,1,SAPL0294,6,0501,N0184
4766,2018-12-04,9:28:37 AM,1,SAPL0294,6,0502,N0184
4767,2018-12-05,10:02:38 AM,1,SAPL0294,6,0503,N0184
4768,2018-12-05,10:15:19 AM,1,SAPL0294,6,0504,N0184
4769,2018-12-06,3:26:45 PM,1,SAPL0288,6,0505,N0185
4770,2018-12-07,2:20:01 PM,1,SAPL0288,6,0506,N0185
4771,2018-12-07,5:00:56 PM,1,SAPL0288,6,0507,N0185
4772,2018-12-10,9:49:49 AM,1,SAPL0294,6,0508,N0184
4773,2018-12-10,9:53:22 AM,1,SAPL0294,6,0509,N0184
4774,2018-12-10,9:56:37 AM,1,SAPL0294,6,0510,N0184
4775,2018-12-10,9:59:57 AM,1,SAPL0294,6,0511,N0184
4776,2018-12-10,10:08:50 AM,1,SAPL0288,6,0512,N0184
4777,2018-12-10,11:31:22 AM,1,sapl0288,6,0513,N0185
4778,2018-12-10,2:49:57 PM,1,SAPL0288,6,0514,N0185
4779,2018-12-10,3:28:47 PM,1,SAPL0288,6,0515,N0185
4780,2018-12-10,3:40:40 PM,1,SAPL0288,6,0516,N0185
4781,2018-12-13,11:46:04 AM,1,SAPL0288,6,0517,N0184
4782,2018-12-13,1:42:01 PM,1,SAPL0294,6,0518,N0184
4783,2018-12-13,1:45:48 PM,1,SAPL0294,6,0519,N0184
4784,2018-12-13,1:53:25 PM,1,SAPL0294,6,0520,N0184
4785,2018-12-13,2:37:13 PM,1,SAPL0294,6,0521,N0184
4786,2018-12-13,2:42:18 PM,1,SAPL0294,6,0522,N0184
4787,2018-12-13,3:12:39 PM,1,SAPL0294,6,0523,N0184
4788,2018-12-14,3:50:53 PM,1,Sapl0288,6,0524,N0184
4789,2018-12-15,12:07:23 PM,1,SAPL0288,6,0525,N0184
4790,2018-12-15,12:30:55 PM,1,SAPL0288,6,0526,N0184
4791,2018-12-15,5:49:13 PM,1,SAPL0288,6,0527,N0182
4792,2018-12-17,9:43:25 AM,1,SAPL0288,6,0528,N0186
4793,2018-12-17,9:45:39 AM,1,Sapl0294,6,0529,N0184
4794,2018-12-17,9:49:00 AM,1,Sapl0294,6,0530,N0184
4795,2018-12-17,9:52:53 AM,1,Sapl0294,6,0531,N0184
4796,2018-12-17,9:56:15 AM,1,Sapl0294,6,0532,N0184
4797,2018-12-17,9:57:38 AM,1,SAPL0288,6,0533,N0186
4798,2018-12-17,9:59:42 AM,1,Sapl0294,6,0534,N0184
4799,2018-12-17,10:05:38 AM,1,Sapl0294,6,0535,N0184
4800,2018-12-17,10:08:57 AM,1,Sapl0294,6,0536,N0184
4801,2018-12-17,11:37:00 AM,1,Sapl0299,6,0537,N0186
4802,2018-12-17,1:32:09 PM,1,SAPL0288,6,0538,N0184
4803,2018-12-17,2:06:08 PM,1,SAPL0288,6,0539,N0184
4804,2018-12-17,2:55:21 PM,1,SAPL0288,6,0540,N0184
4805,2018-12-17,3:54:09 PM,1,Sapl0294,6,0541,N0184
4806,2018-12-17,4:00:20 PM,1,Sapl0294,6,0542,N0184
4807,2018-12-17,4:03:38 PM,1,Sapl0294,6,0543,N0184
4808,2018-12-17,4:06:57 PM,1,Sapl0294,6,0544,N0184
4809,2018-12-17,4:10:49 PM,1,Sapl0294,6,0545,N0184
4810,2018-12-17,4:15:48 PM,1,Sapl0294,6,0546,N0184
4811,2018-12-17,4:23:40 PM,1,Sapl0294,6,0547,N0184
4812,2018-12-17,4:27:17 PM,1,Sapl0294,6,0548,N0184
4813,2018-12-17,4:31:30 PM,1,Sapl0294,6,0549,N0184
4814,2018-12-17,4:40:46 PM,1,Sapl0294,6,0550,N0184
4815,2018-12-17,4:44:13 PM,1,Sapl0294,6,0551,N0184
4816,2018-12-17,5:04:23 PM,1,SAPL0288,6,0552,N0184
4817,2018-12-18,9:18:22 AM,1,SAPL0288,6,0553,N0184
4818,2018-12-18,1:08:14 PM,1,SAPL0288,6,0554,N0186
4819,2018-12-18,3:36:58 PM,1,Sapl0294,6,0555,N0184
4820,2018-12-18,5:15:23 PM,1,SAPL0288,6,0556,N0185
4821,2018-12-18,5:36:33 PM,1,SAPL0288,6,0557,N0184
4822,2018-12-18,5:42:22 PM,1,Sapl0294,6,0558,N0184
4823,2018-12-19,8:55:56 AM,1,SAPL0294,6,0559,N0184
4824,2018-12-19,9:00:33 AM,1,SAPL0294,6,0560,N0184
4825,2018-12-19,9:04:42 AM,1,SAPL0294,6,0561,N0184
4826,2018-12-19,9:09:05 AM,1,SAPL0294,6,0562,N0184
4827,2018-12-19,9:15:17 AM,1,SAPL0294,6,0563,N0184
4828,2018-12-19,9:20:03 AM,1,SAPL0294,6,0564,N0184
4829,2018-12-19,9:24:17 AM,1,SAPL0294,6,0565,N0184
4830,2018-12-19,9:28:55 AM,1,SAPL0294,6,0566,N0184
4831,2018-12-19,9:33:32 AM,1,SAPL0294,6,0567,N0184
4832,2018-12-19,9:38:03 AM,1,SAPL0294,6,0568,N0184
4833,2018-12-19,9:42:28 AM,1,SAPL0294,6,0569,N0184
4834,2018-12-19,9:47:28 AM,1,SAPL0294,6,0570,N0184
4835,2018-12-19,9:51:46 AM,1,SAPL0294,6,0571,N0184
4836,2018-12-19,9:53:52 AM,1,SAPL0294,6,0572,N0185
4837,2018-12-19,9:55:36 AM,1,SAPL0294,6,0573,N0178
4838,2018-12-19,11:31:11 AM,1,Sapl0299,6,0574,N0184
4839,2018-12-19,1:21:55 PM,1,SAPL0288,6,0575,N0184
4840,2018-12-19,4:54:20 PM,1,SAPL0288,6,0576,N0184
4841,2018-12-19,6:17:22 PM,1,SAPL0288,6,0577,N0184
4842,2018-12-19,6:25:47 PM,1,SAPL0288,6,0578,N0184
4843,2018-12-21,11:35:36 AM,1,SAPL0288,6,0579,N0186
4844,2018-12-21,11:53:13 AM,1,SAPL0288,6,0580,N0186
4845,2018-12-21,12:00:06 PM,1,SAPL0288,6,0581,N0187
4846,2018-12-21,6:07:59 PM,1,SAPL0288,6,0582,N0186
4847,2018-12-21,6:13:20 PM,1,SAPL0288,6,0583,N0187
4848,2018-12-21,6:15:57 PM,1,SAPL0288,6,0584,N0187
4849,2018-12-22,3:58:40 PM,1,Sapl0299,6,0585,N0184
4850,2018-12-22,4:02:40 PM,1,Sapl0299,6,0586,N0186
4851,2018-12-22,4:57:01 PM,1,SAPL0288,6,0587,N0187
4852,2018-12-24,9:32:47 AM,1,SAPL0288,6,0588,N0186
4853,2018-12-24,9:58:04 AM,1,SAPL0288,6,0589,N0187
4854,2018-12-24,12:16:29 PM,1,SAPL0288,6,0590,N0186
4855,2018-12-24,12:32:53 PM,1,SAPL0288,6,0591,N0186
4856,2018-12-24,12:40:47 PM,1,SAPL0288,6,0592,N0182
4857,2018-12-24,5:27:00 PM,1,SAPL0288,6,0593,N0186
4858,2018-12-24,6:48:13 PM,1,SAPL0288,6,0594,N0186
4859,2018-12-25,2:48:10 PM,1,SAPL0288,6,0595,N0187
4860,2018-12-25,2:58:19 PM,1,SAPL0288,6,0596,N0187
4861,2018-12-25,4:25:53 PM,1,SAPL0288,6,0597,N0186
4862,2018-12-25,5:02:48 PM,1,SAPL0288,6,0598,N0186
4863,2018-12-26,9:02:19 AM,1,Sapl0299,6,0599,N0184
4864,2018-12-26,3:59:48 PM,1,Sapl0299,6,0600,N0188
4865,2018-12-28,10:30:57 AM,1,SAPL0288,6,0601,N0184
4866,2018-12-28,3:37:17 PM,1,SAPL0288,6,0602,N0186
4867,2018-12-28,3:41:10 PM,1,SAPL0288,6,0603,N0186
4868,2018-12-28,3:48:21 PM,1,SAPL0288,6,0604,N0187
4869,2018-12-28,4:28:41 PM,1,SAPL0288,6,0605,N0184
4870,2018-12-28,4:37:19 PM,1,SAPL0288,6,0606,N0185
4871,2018-12-29,9:41:30 AM,1,sapl0288,6,0607,N0187
4872,2018-12-29,10:34:16 AM,1,sapl0288,6,0608,N0187
4873,2018-12-29,1:53:48 PM,1,Sapl0299,6,0609,N0184
4874,2018-12-29,3:46:52 PM,1,SAPL0288,6,0610,N0186
4875,2018-12-31,12:16:30 PM,1,SAPL0288,6,0611,N0186
4876,2018-12-31,5:38:09 PM,1,SAPL0288,6,0612,N0186
4877,2018-12-31,5:46:14 PM,1,SAPL0288,6,0613,N0186
4878,2018-12-31,5:56:35 PM,1,Sapl0299,6,0614,N0184
4879,2019-01-01,11:29:18 AM,1,SAPL0288,6,0615,N0185
4880,2019-01-01,11:41:44 AM,1,SAPL0288,6,0616,N0185
4881,2019-01-01,12:01:04 PM,1,SAPL0288,6,0617,N0185
4882,2019-01-02,2:45:16 PM,1,SAPL0288,6,0618,N0186
4883,2019-01-02,3:49:19 PM,1,SAPL0288,6,0619,N0184
4884,2019-01-03,11:58:31 AM,1,SAPL0294,6,0620,N0184
4885,2019-01-03,12:05:00 PM,1,SAPL0294,6,0621,N0185
4886,2019-01-03,12:08:32 PM,1,Sapl0299,6,0622,N0184
4887,2019-01-03,12:20:15 PM,1,Sapl0299,6,0623,N0184
4888,2019-01-03,2:32:00 PM,1,SAPL0294,6,0624,N0185
4889,2019-01-03,2:35:57 PM,1,Sapl0299,6,0625,N0184
4890,2019-01-03,2:38:57 PM,1,Sapl0299,6,0626,N0186
4891,2019-01-03,4:03:13 PM,1,Sapl0299,6,0627,N0184
4892,2019-01-03,4:05:57 PM,1,SAPL0288,6,0628,N0185
4893,2019-01-03,4:07:36 PM,1,SAPL0288,6,0629,N0185
4894,2019-01-03,4:17:34 PM,1,Sapl0299,6,0630,N0184
4895,2019-01-03,5:36:43 PM,1,Sapl0299,6,0631,N0184
4896,2019-01-03,5:53:51 PM,1,Sapl0299,6,0632,N0184
4897,2019-01-04,9:19:23 AM,1,Sapl0299,6,0633,N0184
4898,2019-01-04,2:39:16 PM,1,Sapl0299,6,0634,N0184
4899,2019-01-04,4:41:38 PM,1,SAPL0288,6,0635,N0184
4900,2019-01-04,4:43:20 PM,1,SAPL0288,6,0636,N0186
4901,2019-01-05,2:53:28 PM,1,SAPL0288,6,0637,N0187
4902,2019-01-05,3:02:17 PM,1,SAPL0288,6,0638,N0184
4903,2019-01-05,3:45:56 PM,1,SAPL0288,6,0639,N0190
4904,2019-01-05,4:45:55 PM,1,SAPL0288,6,0640,N0190
4905,2019-01-05,4:47:00 PM,1,Sapl0299,6,0641,N0184
4906,2019-01-05,4:50:37 PM,1,SAPL0288,6,0642,N0190
4907,2019-01-05,5:00:09 PM,1,SAPL0288,6,0643,N0190
4908,2019-01-05,5:04:00 PM,1,Sapl0299,6,0644,N0184
4909,2019-01-05,5:06:38 PM,1,SAPL0288,6,0645,N0190
4910,2019-01-05,5:17:08 PM,1,SAPL0288,6,0646,N0187
4911,2019-01-05,5:33:19 PM,1,Sapl0299,6,0647,N0184
4912,2019-01-07,4:01:34 PM,1,SAPL0288,6,0648,N0190
4913,2019-01-07,4:17:19 PM,1,SAPL0288,6,0649,N0190
4914,2019-01-07,4:24:05 PM,1,SAPL0288,6,0650,N0190
4915,2019-01-07,4:53:14 PM,1,Sapl0294,6,0651,N0184
4916,2019-01-08,5:01:55 PM,1,Sapl0299,6,0652,N0185
4917,2019-01-09,1:29:47 PM,1,Sapl0299,6,0653,N0184
4918,2019-01-09,2:03:42 PM,1,Sapl0299,6,0654,N0184
4919,2019-01-09,4:23:33 PM,1,SAPL0288,6,0655,N0190
4920,2019-01-09,4:36:26 PM,1,Sapl0299,6,0656,N0184
4921,2019-01-09,4:55:29 PM,1,Sapl0299,6,0657,N0184
4922,2019-01-09,5:26:07 PM,1,Sapl0299,6,0658,N0184
4923,2019-01-09,5:45:41 PM,1,Sapl0299,6,0659,N0184
4924,2019-01-10,4:03:58 PM,1,Sapl0299,6,0660,N0184
4925,2019-01-10,4:17:03 PM,1,Sapl0299,6,0661,N0184
4926,2019-01-10,5:07:14 PM,1,Sapl0299,6,0662,N0184
4927,2019-01-11,3:15:29 PM,1,SAPL0288,6,0663,N0184
4928,2019-01-12,9:11:12 AM,1,Sapl0299,6,0664,N0184
4929,2019-01-12,3:17:37 PM,1,Sapl0299,6,0665,N0184
4930,2019-01-12,3:53:41 PM,1,SAPL0288,6,0666,N0190
4931,2019-01-14,10:39:30 AM,1,SAPL0288,6,0667,N0190
4932,2019-01-14,12:11:17 PM,1,SAPL0288,6,0668,N0190
4933,2019-01-14,12:27:24 PM,1,SAPL0288,6,0669,N0190
4934,2019-01-14,1:10:52 PM,1,Sapl0299,6,0670,N0184
4935,2019-01-14,1:38:57 PM,1,SAPL0288,6,0671,N0190
4936,2019-01-14,1:52:42 PM,1,Sapl0299,6,0672,N0184
4937,2019-01-14,2:15:32 PM,1,Sapl0299,6,0673,N0184
4938,2019-01-14,2:44:32 PM,1,Sapl0299,6,0674,N0184
4939,2019-01-14,4:19:52 PM,1,SAPL0288,6,0675,N0190
4940,2019-01-14,4:33:40 PM,1,SAPL0288,6,0676,N0190
4941,2019-01-14,4:44:43 PM,1,SAPL0288,6,0677,N0190
4942,2019-01-14,4:57:03 PM,1,SAPL0288,6,0678,N0190
4943,2019-01-14,5:09:51 PM,1,SAPL0288,6,0679,N0190
4944,2019-01-14,5:24:01 PM,1,SAPL0288,6,0680,N0190
4945,2019-01-14,5:26:02 PM,1,SAPL0288,6,0681,N0190
4946,2019-01-15,9:52:52 AM,1,SAPL0294,6,0682,N0190
4947,2019-01-15,1:45:44 PM,1,SAPL0288,6,0683,N0190
4948,2019-01-15,1:53:50 PM,1,SAPL0288,6,0684,N0190
4949,2019-01-15,4:24:36 PM,1,SAPL0288,6,0685,N0190
4950,2019-01-15,4:59:31 PM,1,Sapl0294,6,0686,N0190
4951,2019-01-16,10:21:32 AM,1,SAPL0288,6,0687,N0184
4952,2019-01-16,11:23:54 AM,1,SAPL0288,6,0688,N0184
4953,2019-01-16,1:31:19 PM,1,SAPL0288,6,0689,N0186
4954,2019-01-16,1:52:43 PM,1,SAPL0288,6,0690,N0186
4955,2019-01-16,2:12:18 PM,1,SAPL0288,6,0691,N0187
4956,2019-01-16,2:21:09 PM,1,SAPL0288,6,0692,N0186
4957,2019-01-17,8:57:21 AM,1,Sapl0299,6,0693,N0184
4958,2019-01-17,9:12:37 AM,1,Sapl0299,6,0694,N0190
4959,2019-01-17,9:17:04 AM,1,SAPL0288,6,0695,N0188
4960,2019-01-19,5:08:28 PM,1,Sapl0299,6,0696,N0190
4961,2019-01-19,5:27:32 PM,1,Sapl0299,6,0697,N0184
4962,2019-01-22,9:42:42 AM,1,SAPL0288,6,0698,N0190
4963,2019-01-22,10:00:34 AM,1,SAPL0288,6,0699,N0190
4964,2019-01-22,1:37:17 PM,1,SAPL0288,6,0700,N0190
4965,2019-01-22,2:24:10 PM,1,SAPL0288,6,0701,N0190
4966,2019-01-22,3:00:18 PM,1,SAPL0288,6,0702,N0190
4967,2019-01-23,9:36:03 AM,1,SAPL0288,6,0703,N0190
4968,2019-01-23,12:01:49 PM,1,SAPL0288,6,0704,N0184
4969,2019-01-23,4:21:50 PM,1,SAPL0288,6,0705,N0184
4970,2019-01-23,5:30:10 PM,1,SAPL0288,6,0706,N0190
4971,2019-01-23,5:46:59 PM,1,SAPL0288,6,0707,N0190
4972,2019-01-24,9:20:19 AM,1,SAPL0288,6,0708,N0190
4973,2019-01-24,9:38:48 AM,1,SAPL0288,6,0709,N0190
4974,2019-01-24,10:17:07 AM,1,sapl0288,6,0710,N0190
4975,2019-01-24,4:02:56 PM,1,SAPL0288,6,0711,N0190
4976,2019-01-24,4:38:45 PM,1,SAPL0288,6,0712,N0190
4977,2019-01-24,5:15:43 PM,1,SAPL0288,6,0713,N0190
4978,2019-01-25,11:20:33 AM,1,SAPL0288,6,0714,N0190
4979,2019-01-25,11:30:34 AM,1,SAPL0288,6,0715,N0190
4980,2019-01-25,12:17:01 PM,1,SAPL0288,6,0716,N0190
4981,2019-01-27,12:00:03 PM,1,SAPL0288,6,0717,N0190
4982,2019-01-27,12:32:15 PM,1,SAPL0288,6,0718,N0190
4983,2019-01-27,1:36:56 PM,1,SAPL0288,6,0719,N0190
4984,2019-01-27,2:03:25 PM,1,SAPL0288,6,0720,N0190
4985,2019-01-27,2:12:18 PM,1,SAPL0288,6,0721,N0190
4986,2019-01-27,2:39:19 PM,1,SAPL0288,6,0722,N0190
4987,2019-01-27,3:01:22 PM,1,SAPL0288,6,0723,N0190
4988,2019-01-28,11:38:26 AM,1,SAPL0288,6,0724,N0184
4989,2019-01-29,12:22:53 PM,1,SAPL0288,6,0725,N0190
4990,2019-01-29,2:46:14 PM,1,SAPL0288,6,0726,N0189
4991,2019-01-29,2:54:56 PM,1,SAPL0288,6,0727,N0190
4992,2019-01-29,3:50:46 PM,1,SAPL0288,6,0728,N0189
4993,2019-01-29,4:15:03 PM,1,SAPL0288,6,0729,N0189
4994,2019-01-31,1:29:33 PM,1,SAPL0288,6,0730,N0184
4995,2019-01-31,1:46:48 PM,1,SAPL0288,6,0731,N0184
4996,2019-01-31,1:52:29 PM,1,SAPL0288,6,0732,N0184
4997,2019-02-01,10:15:35 AM,1,SAPL0288,6,0733,N0190
4998,2019-02-01,10:36:11 AM,1,SAPL0288,6,0734,N0190
4999,2019-02-01,3:02:02 PM,1,SAPL0288,6,0735,N0184
5000,2019-02-02,11:07:15 AM,1,SAPL0288,6,0736,N0190
5001,2019-02-02,2:09:24 PM,1,SAPL0288,6,0737,N0190
5002,2019-02-02,3:03:05 PM,1,SAPL0294,6,0738,N0190
5003,2019-02-03,4:02:31 PM,1,SAPL0288,6,0739,N0184
5004,2019-02-03,4:57:10 PM,1,SAPL0288,6,0740,N0184
5005,2019-02-04,9:07:41 AM,1,SAPL0288,6,0741,N0184
5006,2019-02-05,9:15:19 AM,1,SAPL0288,6,0742,N0190
5007,2019-02-05,10:40:21 AM,1,SAPL0288,6,0743,N0184
5008,2019-02-06,9:56:03 AM,1,SAPL0288,6,0744,N0190
5009,2019-02-06,11:24:12 AM,1,SAPL0288,6,0745,N0184
5010,2019-02-06,3:40:38 PM,1,SAPL0288,6,0746,N0184
5011,2019-02-06,5:36:19 PM,1,SAPL0288,6,0747,N0190
5012,2019-02-07,10:37:13 AM,1,SAPL0288,6,0748,N0190
5013,2019-02-07,11:00:20 AM,1,SAPL0288,6,0749,N0190
5014,2019-02-07,3:53:11 PM,1,SAPL0288,6,0750,N0190
5015,2019-02-07,4:14:39 PM,1,SAPL0288,6,0751,N0190
5016,2019-02-07,4:32:11 PM,1,SAPL0288,6,0752,N0190
5017,2019-02-08,11:04:33 AM,1,SAPL0288,6,0753,N0190
5018,2019-02-08,11:37:29 AM,1,SAPL0288,6,0754,N0190
5019,2019-02-08,3:12:19 PM,1,SAPL0288,6,0755,N0190
5020,2019-02-08,4:29:08 PM,1,SAPL0288,6,0756,N0190
5021,2019-02-08,4:53:05 PM,1,SAPL0288,6,0757,N0190
5022,2019-02-09,12:08:10 PM,1,SAPL0288,6,0758,N0190
5023,2019-02-09,2:41:09 PM,1,SAPL0288,6,0759,N0190
5024,2019-02-09,4:26:47 PM,1,SAPL0288,6,0760,N0190
5025,2019-02-11,2:10:38 PM,1,SAPL0288,6,0761,N0190
5026,2019-02-11,4:35:48 PM,1,SAPL0288,6,0762,N0190
5027,2019-02-12,4:58:17 PM,1,SAPL0288,6,0763,N0190
5028,2019-02-13,10:40:13 AM,1,SAPL0288,6,0764,N0190
5029,2019-02-13,4:53:39 PM,1,SAPL0288,6,0765,N0185
5030,2019-02-14,9:38:41 AM,1,SAPL0288,6,0766,N0190
5031,2019-02-14,11:12:38 AM,1,SAPL0288,6,0767,N0184
5032,2019-02-14,3:01:00 PM,1,SAPL0288,6,0768,N0184
5033,2019-02-14,3:21:53 PM,1,SAPL0288,6,0769,N0190
5034,2019-02-15,5:45:55 PM,1,SAPL0288,6,0770,N0184
5035,2019-02-16,10:54:27 AM,1,SAPL0288,6,0771,N0184
5036,2019-02-16,1:58:21 PM,1,SAPL0288,6,0772,N0190
5037,2019-02-16,2:49:40 PM,1,SAPL0288,6,0773,N0190
5038,2019-02-16,4:07:02 PM,1,SAPL0288,6,0774,N0190
5039,2019-02-17,11:20:46 AM,1,SAPL0288,6,0775,N0190
5040,2019-02-17,12:28:45 PM,1,SAPL0288,6,0776,N0190
5041,2019-02-17,1:41:46 PM,1,SAPL0288,6,0777,N0190
5042,2019-02-17,2:41:55 PM,1,SAPL0288,6,0778,N0190
5043,2019-02-17,5:01:01 PM,1,SAPL0288,6,0779,N0190
5044,2019-02-18,12:27:17 PM,1,SAPL0288,6,0780,N0184
5045,2019-02-18,1:41:09 PM,1,SAPL0288,6,0781,N0184
5046,2019-02-18,2:16:01 PM,1,SAPL0288,6,0782,N0184
5047,2019-02-19,2:42:37 PM,1,SAPL0288,6,0783,N0190
5048,2019-02-19,2:54:36 PM,1,SAPL0288,6,0784,N0190
5049,2019-02-19,5:04:59 PM,1,SAPL0288,6,0785,N0184
5050,2019-02-19,5:15:04 PM,1,SAPL0288,6,0786,N0184
5051,2019-02-20,12:11:21 PM,1,SAPL0288,6,0787,N0184
5052,2019-02-20,5:12:28 PM,1,SAPL0288,6,0788,N0190
5053,2019-02-20,6:01:52 PM,1,SAPL0288,6,0789,N0190
5054,2019-02-21,1:34:55 PM,1,SAPL0288,6,0790,N0190
5055,2019-02-21,1:56:15 PM,1,SAPL0288,6,0791,N0184
5056,2019-02-21,2:48:52 PM,1,SAPL0288,6,0792,N0189
5057,2019-02-23,3:52:55 PM,1,SAPL0288,6,0793,N0184
5058,2019-02-25,2:23:26 PM,1,SAPL0288,6,0794,N0184
5059,2019-02-25,2:35:39 PM,1,SAPL0288,6,0795,N0190
5060,2019-02-25,2:45:47 PM,1,SAPL0288,6,0796,N0184
5061,2019-02-25,3:03:08 PM,1,SAPL0288,6,0797,N0184
5062,2019-02-26,10:14:25 AM,1,SAPL0288,6,0798,N0190
5063,2019-02-26,2:13:00 PM,1,SAPL0288,6,0799,N0190
5064,2019-02-26,2:46:36 PM,1,SAPL0288,6,0800,N0190
5065,2019-02-26,3:51:47 PM,1,SAPL0288,6,0801,N0190
5066,2019-02-26,4:21:43 PM,1,SAPL0288,6,0802,N0184
5067,2019-02-26,5:10:08 PM,1,SAPL0288,6,0803,N0184
5068,2019-02-27,2:37:20 PM,1,SAPL0288,6,0804,N0190
5069,2019-02-27,3:39:46 PM,1,SAPL0288,6,0805,N0184
5070,2019-02-27,4:52:47 PM,1,SAPL0288,6,0806,N0190
5071,2019-02-27,6:02:47 PM,1,SAPL0288,6,0807,N0190
5072,2019-03-13,2:27:29 PM,1,Sapl0299,6,0808,N0189
5073,2019-07-01,11:11:09 AM,1,Sapl0299,7,0001,N0200
5074,2019-07-02,12:11:30 PM,1,SAPL0288,7,0002,N0200
5075,2019-07-04,1:21:51 PM,1,Sapl0299,7,0003,N0200
5076,2019-07-04,1:52:36 PM,1,Sapl0299,7,0004,N0200
5077,2019-07-05,11:45:40 AM,1,SAPL0288,7,0005,N0200
5078,2019-07-05,4:48:23 PM,1,Sapl0299,7,0006,N0200
5079,2019-07-09,10:59:09 AM,1,SAPL0288,7,0007,N0200
5080,2019-07-09,2:24:27 PM,1,SAPL0288,7,0008,N0200
5081,2019-07-10,2:41:17 PM,1,Sapl0299,7,0009,N0200
5082,2019-07-11,10:23:18 AM,1,Sapl0299,7,0010,N0200
5083,2019-07-11,11:55:09 AM,1,Sapl0299,7,0011,N0182
5084,2019-07-11,11:56:46 AM,1,Sapl0299,7,0012,N0178
5085,2019-07-11,11:59:29 AM,1,Sapl0299,7,0013,N0187
5086,2019-07-12,11:57:45 AM,1,Sapl0299,7,0014,N0200
5087,2019-07-15,10:35:57 AM,1,Sapl0299,7,0015,N0202
5088,2019-07-15,10:58:57 AM,1,Sapl0299,7,0016,N0200
5089,2019-07-16,12:22:25 PM,1,Sapl0299,7,0017,N0200
5090,2019-07-18,4:16:45 PM,1,Sapl0299,7,0018,N0200
5091,2019-07-19,11:49:14 AM,1,Sapl0294,7,0019,N0187
5092,2019-07-24,10:01:52 AM,1,Sapl0299,7,0020,N0202
5093,2019-07-24,11:14:25 AM,1,SAPL0288,7,0021,N0200
5094,2019-07-25,10:03:23 AM,1,SAPL0288,7,0022,N0202
5095,2019-07-25,11:13:43 AM,1,Sapl0299,7,0023,N0202
5096,2019-07-25,12:51:58 PM,1,Sapl0299,7,0024,N0202
5097,2019-07-25,2:56:36 PM,1,Sapl0299,7,0025,N0202
5098,2019-07-25,4:13:51 PM,1,Sapl0299,7,0026,N0202
5099,2019-07-26,10:57:09 AM,1,Sapl0299,7,0027,N0202
5100,2019-07-26,11:38:22 AM,1,Sapl0299,7,0028,N0202
5101,2019-07-26,3:25:37 PM,1,Sapl0299,7,0029,N0202
5102,2019-07-29,10:55:51 AM,1,Sapl0299,7,0030,N0202
5103,2019-07-29,11:39:45 AM,1,SAPL0288,7,0031,N0202
5104,2019-07-29,11:50:58 AM,1,SAPL0288,7,0032,N0202
5105,2019-07-29,12:21:12 PM,1,Sapl0299,7,0033,N0202
5106,2019-07-29,3:40:58 PM,1,SAPL0288,7,0034,N0202
5107,2019-07-30,10:21:20 AM,1,SAPL0288,7,0035,N0202
5108,2019-07-30,11:58:54 AM,1,Sapl0299,7,0036,N0202
5109,2019-07-31,11:13:58 AM,1,Sapl0299,7,0037,N0202
5110,2019-08-01,9:47:20 AM,1,Sapl0299,7,0038,N0202
5111,2019-08-06,11:04:17 AM,1,SAPL0288,7,0039,N0202
5112,2019-08-06,12:42:15 PM,1,Sapl0299,7,0040,N0202
5113,2019-08-07,2:15:45 PM,1,Sapl0299,7,0041,N0202
5114,2019-08-07,3:16:45 PM,1,SAPL0288,7,0042,N0202
5115,2019-08-08,10:51:14 AM,1,SAPL0288,7,0043,N0202
5116,2019-08-08,2:55:01 PM,1,SAPL0288,7,0044,N0202
5117,2019-08-09,12:48:37 PM,1,SAPL0288,7,0045,N0202
5118,2019-08-12,11:46:37 AM,1,SAPL0288,7,0046,N0202
5119,2019-08-12,12:25:04 PM,1,SAPL0288,7,0047,N0202
5120,2019-08-12,4:36:01 PM,1,SAPL0288,7,0048,N0202
5121,2019-08-12,4:59:36 PM,1,SAPL0288,7,0049,N0202
5122,2019-08-12,5:37:11 PM,1,SAPL0288,7,0050,N0202
5123,2019-08-14,12:07:43 PM,1,Sapl0299,7,0051,N0202
5124,2019-08-27,12:25:10 PM,1,SAPL0288,7,0052,N0202
5125,2019-09-20,12:51:48 PM,1,SAPL0288,7,0053,N0202
5126,2019-09-23,10:27:19 AM,1,SAPL0288,7,0054,N0203
5127,2019-09-23,2:09:59 PM,1,SAPL0288,7,0055,N0203
5128,2019-09-24,9:17:30 AM,1,SAPL0288,7,0056,N0203
5129,2019-09-24,10:09:24 AM,1,Sapl0299,7,0057,N0203
5130,2019-09-24,10:40:58 AM,1,SAPL0288,7,0058,N0203
5131,2019-09-24,2:13:46 PM,1,Sapl0299,7,0059,N0202
5132,2019-10-01,11:32:14 AM,1,Sapl0299,7,0060,N0204
5133,2019-10-02,9:36:14 AM,1,Sapl0299,7,0061,N0204
5134,2019-10-02,11:49:44 AM,1,Sapl0299,7,0062,N0204
5135,2019-10-03,4:28:07 PM,1,Sapl0299,7,0063,N0204
5136,2019-11-01,2:48:33 PM,1,SAPL0288,7,0064,N0204
5137,2019-11-02,9:29:40 AM,1,SAPL0288,7,0065,N0204
5138,2019-11-02,1:56:16 PM,1,SAPL0288,7,0066,N0204
5139,2019-11-03,10:39:19 AM,1,SAPL0288,7,0067,N0204
5140,2019-11-04,10:06:44 AM,1,Sapl0299,7,0068,N0204
5141,2019-11-04,10:12:57 AM,1,Sapl0299,7,0069,N0178
5142,2019-11-07,10:48:08 AM,1,Sapl0299,7,0070,N0204
5143,2019-11-07,11:04:06 AM,1,Sapl0299,7,0071,N0178
5144,2019-11-08,9:55:18 AM,1,SAPL0288,7,0072,N0204
5145,2019-11-08,9:58:41 AM,1,Sapl0299,7,0073,N0204
5146,2019-11-08,10:46:54 AM,1,Sapl0299,7,0074,N0204
5147,2019-11-08,11:45:28 AM,1,Sapl0299,7,0075,N0204
5148,2019-11-09,11:11:13 AM,1,Sapl0299,7,0076,N0204
5149,2019-11-09,11:13:58 AM,1,Sapl0299,7,0077,N0178
5150,2019-11-09,11:32:29 AM,1,SAPL0288,7,0078,N0209
5152,2019-11-12,3:34:50 PM,1,Sapl0299,7,0079,N0204
5153,2019-11-13,10:25:14 AM,1,SAPL0288,7,0080,N0204
5154,2019-11-13,3:15:28 PM,1,SAPL0288,7,0081,N0207
5155,2019-11-14,9:56:00 AM,1,Sapl0299,7,0082,N0204
5156,2019-11-14,10:00:00 AM,1,Sapl0299,7,0083,N0207
5157,2019-11-14,1:53:42 PM,1,SAPL0288,7,0084,N0210
5158,2019-11-14,5:15:35 PM,1,Sapl0299,7,0085,N0204
5159,2019-11-15,9:54:45 AM,1,Sapl0299,7,0086,N0204
5160,2019-11-15,10:16:08 AM,1,Sapl0299,7,0087,N0204
5161,2019-11-15,5:32:12 PM,1,SAPL0288,7,0088,N0204
5162,2019-11-16,3:44:47 PM,1,Sapl0299,7,0089,N0204
5163,2019-11-17,4:33:48 PM,1,SAPL0288,7,0090,N0204
5164,2019-11-18,4:56:48 PM,1,Sapl0299,7,0091,N0204
5165,2019-11-18,4:58:45 PM,1,Sapl0299,7,0092,N0207
5166,2019-11-18,4:59:44 PM,1,Sapl0299,7,0093,N0210
5167,2019-11-18,5:23:58 PM,1,Sapl0299,7,0094,N0210
5168,2019-11-18,5:38:02 PM,1,Sapl0299,7,0095,N0207
5169,2019-11-19,11:46:11 AM,1,Sapl0299,7,0096,N0204
5170,2019-11-19,12:33:59 PM,1,SAPL0288,7,0097,N0204
5171,2019-11-19,2:37:59 PM,1,Sapl0299,7,0098,N0204
5172,2019-11-19,2:42:03 PM,1,Sapl0299,7,0099,N0210
5173,2019-11-19,3:41:07 PM,1,SAPL0288,7,0100,N0204
5174,2019-11-20,12:54:05 PM,1,SAPL0288,7,0101,N0204
5175,2019-11-20,2:37:16 PM,1,SAPL0288,7,0102,N0204
5176,2019-11-20,2:41:13 PM,1,SAPL0288,7,0103,N0204
5177,2019-11-20,3:04:37 PM,1,SAPL0288,7,0104,N0204
5178,2019-11-20,5:06:57 PM,1,Sapl0299,7,0105,N0204
5179,2019-11-23,10:33:33 AM,1,Sapl0299,7,0106,N0204
5180,2019-11-23,10:57:08 AM,1,Sapl0299,7,0107,N0204
5181,2019-11-23,11:01:07 AM,1,Sapl0299,7,0108,N0204
5182,2019-11-23,11:10:22 AM,1,Sapl0299,7,0109,N0178
5183,2019-11-23,11:16:02 AM,1,Sapl0299,7,0110,N0187
5184,2019-11-23,11:25:35 AM,1,Sapl0299,7,0111,N0207
5185,2019-11-23,11:39:25 AM,1,Sapl0299,7,0112,N0210
5186,2019-11-24,10:04:01 AM,1,Sapl0299,7,0113,N0204
5187,2019-11-24,10:07:13 AM,1,Sapl0299,7,0114,N0178
5188,2019-11-24,10:23:09 AM,1,Sapl0299,7,0115,N0204
5189,2019-11-24,2:46:26 PM,1,SAPL0288,7,0116,N0204
5190,2019-11-25,12:48:33 PM,1,SAPL0288,7,0117,N0210
5191,2019-11-25,1:39:52 PM,1,SAPL0288,7,0118,N0204
5192,2019-11-25,1:53:15 PM,1,Sapl0299,7,0119,N0187
5193,2019-11-25,2:08:45 PM,1,Sapl0299,7,0120,N0204
5194,2019-11-25,2:12:31 PM,1,SAPL0288,7,0121,N0204
5195,2019-11-25,3:32:26 PM,1,SAPL0288,7,0122,N0204
5196,2019-11-26,9:01:10 AM,1,Sapl0299,7,0123,N0204
5197,2019-11-26,11:57:41 AM,1,Sapl0299,7,0124,N0204
5198,2019-11-26,12:00:42 PM,1,Sapl0299,7,0125,N0178
5199,2019-11-26,1:46:57 PM,1,SAPL0288,7,0126,N0204
5200,2019-11-27,9:03:12 AM,1,Sapl0299,7,0127,N0204
5201,2019-11-27,12:25:11 PM,1,SAPL0288,7,0128,N0204
5202,2019-11-28,9:59:37 AM,1,SAPL0288,7,0129,N0204
5203,2019-11-28,10:26:22 AM,1,SAPL0288,7,0130,N0204
5204,2019-11-28,10:53:37 AM,1,SAPL0288,7,0131,N0208
5205,2019-11-30,11:03:31 AM,1,Sapl0299,7,0132,N0208
5206,2019-11-30,11:08:42 AM,1,Sapl0299,7,0133,N0204
5207,2019-11-30,11:13:07 AM,1,Sapl0299,7,0134,N0204
5208,2019-11-30,11:34:19 AM,1,Sapl0299,7,0135,N0208
5209,2019-11-30,11:38:46 AM,1,Sapl0299,7,0136,N0204
5210,2019-12-01,10:20:34 AM,1,Sapl0299,7,0137,N0204
5211,2019-12-01,10:38:29 AM,1,Sapl0299,7,0138,N0208
5212,2019-12-01,11:26:02 AM,1,Sapl0299,7,0139,N0208
5213,2019-12-01,12:04:19 PM,1,Sapl0299,7,0140,N0208
5214,2019-12-01,12:09:20 PM,1,Sapl0299,7,0141,N0204
5215,2019-12-02,8:58:14 AM,1,SAPL0288,7,0142,N0204
5216,2019-12-02,12:35:28 PM,1,SAPL0288,7,0143,N0204
5217,2019-12-02,12:54:48 PM,1,SAPL0288,7,0144,N0208
5218,2019-12-02,1:27:30 PM,1,SAPL0288,7,0145,N0208
5219,2019-12-03,10:56:53 AM,1,Sapl0299,7,0146,N0182
5220,2019-12-04,4:13:59 PM,1,SAPL0288,7,0147,N0208
5221,2019-12-04,4:19:22 PM,1,SAPL0288,7,0148,N0204
5222,2019-12-06,10:11:57 AM,1,Sapl0299,7,0149,N0208
5223,2019-12-06,10:34:25 AM,1,Sapl0299,7,0150,N0204
5224,2019-12-06,12:24:28 PM,1,Sapl0299,7,0151,N0208
5225,2019-12-06,12:30:29 PM,1,Sapl0299,7,0152,N0204
5226,2019-12-06,5:41:43 PM,1,Sapl0299,7,0153,N0208
5227,2019-12-07,10:20:44 AM,1,Sapl0299,7,0154,N0208
5228,2019-12-07,10:35:30 AM,1,Sapl0299,7,0155,N0208
5229,2019-12-07,10:56:46 AM,1,Sapl0299,7,0156,N0204
5230,2019-12-07,12:54:00 PM,1,SAPL0288,7,0157,N0204
5231,2019-12-08,9:11:44 AM,1,Sapl0299,7,0158,N0208
5232,2019-12-08,9:23:53 AM,1,Sapl0299,7,0159,N0204
5233,2019-12-09,10:26:46 AM,1,Sapl0299,7,0160,N0204
5234,2019-12-09,10:29:20 AM,1,Sapl0299,7,0161,N0204
5235,2019-12-09,10:48:01 AM,1,Sapl0299,7,0162,N0211
5236,2019-12-11,9:15:47 AM,1,Sapl0299,7,0163,N0204
5237,2019-12-11,9:19:21 AM,1,Sapl0299,7,0164,N0204
5238,2019-12-11,9:28:09 AM,1,Sapl0299,7,0165,N0204
5239,2019-12-11,10:59:45 AM,1,Sapl0299,7,0166,N0204
5240,2019-12-11,1:14:58 PM,1,Sapl0299,7,0167,N0204
5241,2019-12-11,1:16:32 PM,1,Sapl0299,7,0168,N0208
5242,2019-12-11,5:15:42 PM,1,Sapl0299,7,0169,N0204
5243,2019-12-11,5:20:54 PM,1,Sapl0299,7,0170,N0204
5244,2019-12-12,3:22:11 PM,1,Sapl0299,7,0171,N0204
5245,2019-12-12,3:36:57 PM,1,Sapl0299,7,0172,N0204
5246,2019-12-13,8:56:40 AM,1,Sapl0299,7,0173,N0204
5247,2019-12-13,9:00:19 AM,1,Sapl0299,7,0174,N0204
5248,2019-12-13,9:48:05 AM,1,Sapl0299,7,0175,N0204
5249,2019-12-14,8:54:02 AM,1,Sapl0299,7,0176,N0208
5250,2019-12-14,2:25:26 PM,1,Sapl0299,7,0177,N0204
5251,2019-12-14,2:29:41 PM,1,Sapl0299,7,0178,N0211
5252,2019-12-14,3:27:04 PM,1,Sapl0299,7,0179,N0204
5253,2019-12-15,11:09:03 AM,1,Sapl0299,7,0180,N0204
5254,2019-12-15,2:11:26 PM,1,SAPL0288,7,0181,N0204
5255,2019-12-15,2:36:38 PM,1,SAPL0288,7,0182,N0204
5256,2019-12-15,3:29:57 PM,1,SAPL0288,7,0183,N0204
5257,2019-12-15,5:23:00 PM,1,SAPL0288,7,0184,N0204
5258,2019-12-16,8:55:25 AM,1,Sapl0299,7,0185,N0204
5259,2019-12-16,9:12:08 AM,1,Sapl0299,7,0186,N0204
5260,2019-12-16,12:22:26 PM,1,SAPL0288,7,0187,N0204
5261,2019-12-16,2:54:48 PM,1,Sapl0299,7,0188,N0204
5262,2019-12-16,3:31:12 PM,1,Sapl0299,7,0189,N0211
5263,2019-12-16,3:47:22 PM,1,SAPL0288,7,0190,N0204
5264,2019-12-16,3:55:57 PM,1,SAPL0288,7,0191,N0204
5265,2019-12-16,4:03:04 PM,1,SAPL0288,7,0192,N0211
5266,2019-12-16,4:11:01 PM,1,Sapl0299,7,0193,N0204
5267,2019-12-16,4:20:48 PM,1,Sapl0299,7,0194,N0211
5268,2019-12-16,4:39:18 PM,1,Sapl0299,7,0195,N0204
5269,2019-12-16,5:23:20 PM,1,Sapl0299,7,0196,N0204
5270,2019-12-16,5:37:21 PM,1,Sapl0299,7,0197,N0204
5271,2019-12-17,9:09:08 AM,1,Sapl0299,7,0198,N0204
5272,2019-12-17,9:12:59 AM,1,Sapl0299,7,0199,N0211
5273,2019-12-17,9:16:37 AM,1,Sapl0299,7,0200,N0208
5274,2019-12-17,3:43:02 PM,1,SAPL0288,7,0201,N0211
5275,2019-12-17,3:44:39 PM,1,SAPL0288,7,0202,N0211
5276,2019-12-17,7:07:59 PM,1,Sapl0299,7,0203,N0204
5277,2019-12-17,7:15:59 PM,1,Sapl0299,7,0204,N0204
5278,2019-12-17,7:44:33 PM,1,Sapl0299,7,0205,N0204
5279,2019-12-18,9:43:09 AM,1,SAPL0288,7,0206,N0211
5280,2019-12-18,9:57:25 AM,1,SAPL0288,7,0207,N0204
5281,2019-12-18,10:17:02 AM,1,SAPL0288,7,0208,N0204
5282,2019-12-19,9:36:31 AM,1,SAPL0288,7,0209,N0204
5283,2019-12-19,2:12:13 PM,1,SAPL0288,7,0210,N0204
5284,2019-12-19,4:23:34 PM,1,SAPL0288,7,0211,N0204
5285,2019-12-19,4:46:46 PM,1,SAPL0288,7,0212,N0204
5286,2019-12-20,1:05:46 PM,1,SAPL0288,7,0213,N0204
5287,2019-12-21,1:28:12 PM,1,SAPL0288,7,0214,N0204
5288,2019-12-21,1:56:38 PM,1,SAPL0288,7,0215,N0204
5289,2019-12-21,2:56:45 PM,1,SAPL0288,7,0216,N0204
5290,2019-12-21,2:58:27 PM,1,SAPL0288,7,0217,N0208
5291,2019-12-21,7:59:42 PM,1,Sapl0299,7,0218,N0204
5292,2019-12-21,8:32:36 PM,1,Sapl0299,7,0219,N0204
5293,2019-12-24,11:02:12 AM,1,Sapl0299,7,0220,N0204
5294,2019-12-24,12:18:47 PM,1,Sapl0299,7,0221,N0204
5295,2019-12-24,12:53:22 PM,1,Sapl0299,7,0222,N0204
5296,2019-12-24,1:27:37 PM,1,Sapl0299,7,0223,N0204
5297,2019-12-24,3:32:46 PM,1,Sapl0299,7,0224,N0204
5298,2019-12-25,12:40:56 PM,1,Sapl0299,7,0225,N0204
5299,2019-12-25,2:26:56 PM,1,Sapl0299,7,0226,N0204
5300,2019-12-26,9:42:43 AM,1,Sapl0299,7,0227,N0204
5301,2019-12-26,10:34:37 AM,1,Sapl0299,7,0228,N0204
5302,2019-12-26,11:53:37 AM,1,Sapl0299,7,0229,N0204
5303,2019-12-26,12:16:33 PM,1,Sapl0299,7,0230,N0204
5304,2019-12-26,2:04:37 PM,1,Sapl0299,7,0231,N0204
5305,2019-12-26,2:59:04 PM,1,Sapl0299,7,0232,N0204
5306,2019-12-26,4:20:25 PM,1,Sapl0299,7,0233,N0204
5307,2019-12-28,3:35:08 PM,1,SAPL0288,7,0234,N0204
5308,2019-12-28,3:43:18 PM,1,SAPL0288,7,0235,N0204
5309,2019-12-29,7:17:02 PM,1,SAPL0288,7,0236,N0204
5310,2019-12-30,12:57:15 PM,1,SAPL0288,7,0237,N0204
5311,2019-12-30,1:33:20 PM,1,SAPL0288,7,0238,N0204
5312,2019-12-30,3:26:59 PM,1,SAPL0288,7,0239,N0204
5313,2019-12-31,1:57:43 PM,1,SAPL0288,7,0240,N0204
5314,2020-01-02,11:00:12 AM,1,SAPL0288,7,0241,N0212
5315,2020-01-02,3:49:40 PM,1,Sapl0299,7,0242,N0204
5316,2020-01-04,2:16:52 PM,1,SAPL0288,7,0243,N0208
5317,2020-01-04,2:29:43 PM,1,SAPL0288,7,0244,N0213
5318,2020-01-04,2:35:55 PM,1,SAPL0288,7,0245,N0213
5319,2020-01-06,12:19:13 PM,1,SAPL0288,7,0246,N0213
5320,2020-01-06,1:45:39 PM,1,SAPL0288,7,0247,N0204
5321,2020-01-06,3:33:20 PM,1,SAPL0288,7,0248,N0213
5322,2020-01-07,11:10:57 AM,1,Sapl0299,7,0249,N0204
5323,2020-01-07,12:11:18 PM,1,Sapl0299,7,0250,N0204
5324,2020-01-07,12:12:09 PM,1,Sapl0299,7,0251,N0204
5325,2020-01-07,12:44:36 PM,1,SAPL0288,7,0252,N0204
5326,2020-01-07,12:54:08 PM,1,Sapl0299,7,0253,N0214
5327,2020-01-07,2:18:33 PM,1,Sapl0299,7,0254,N0212
5328,2020-01-07,2:57:57 PM,1,Sapl0299,7,0255,N0212
5329,2020-01-07,4:32:13 PM,1,Sapl0299,7,0256,N0212
5330,2020-01-07,4:47:00 PM,1,Sapl0299,7,0257,N0212
5331,2020-01-07,4:56:11 PM,1,Sapl0299,7,0258,N0212
5332,2020-01-07,5:06:12 PM,1,Sapl0299,7,0259,N0212
5333,2020-01-07,7:05:37 PM,1,Sapl0299,7,0260,N0204
5334,2020-01-08,8:46:53 AM,1,Sapl0299,7,0261,N0204
5335,2020-01-08,9:21:50 AM,1,Sapl0299,7,0262,N0204
5336,2020-01-08,9:46:51 AM,1,Sapl0288,7,0263,N0204
5337,2020-01-08,10:27:14 AM,1,Sapl0299,7,0264,N0204
5338,2020-01-08,11:10:04 AM,1,Sapl0299,7,0265,N0204
5339,2020-01-08,11:49:03 AM,1,Sapl0299,7,0266,N0204
5340,2020-01-08,12:18:34 PM,1,Sapl0299,7,0267,N0204
5341,2020-01-08,12:46:57 PM,1,Sapl0299,7,0268,N0204
5342,2020-01-10,9:25:44 AM,1,Sapl0299,7,0269,N0204
5343,2020-01-10,9:38:56 AM,1,Sapl0299,7,0270,N0204
5344,2020-01-10,9:57:07 AM,1,Sapl0299,7,0271,N0204
5345,2020-01-10,10:18:48 AM,1,Sapl0299,7,0272,N0204
5346,2020-01-10,4:49:28 PM,1,Sapl0299,7,0273,N0204
5347,2020-01-11,4:14:28 PM,1,SAPL0288,7,0274,N0204
5348,2020-01-13,8:46:53 AM,1,SAPL0288,7,0275,N0204
5349,2020-01-14,4:11:35 PM,1,SAPL0288,7,0276,N0211
5350,2020-01-15,1:30:11 PM,1,Sapl0299,7,0277,N0204
5351,2020-01-15,1:39:08 PM,1,Sapl0299,7,0278,N0204
5352,2020-02-12,5:41:02 PM,1,sapl0290,7,0279,J0123
5353,2020-02-16,12:30:31 PM,1,Sapl0299,7,0280,J0123
5354,2020-03-01,9:56:05 AM,1,Sapl0299,7,0281,N0217
5355,2020-03-01,10:56:40 AM,1,Sapl0299,7,0282,N0217
5356,2020-03-01,11:08:31 AM,1,Sapl0299,7,0283,J0123
5357,2020-03-01,11:41:33 AM,1,Sapl0299,7,0284,N0217
5358,2020-03-01,12:19:17 PM,1,Sapl0299,7,0285,N0217
5359,2020-03-01,12:38:23 PM,1,Sapl0299,7,0286,N0217
5360,2020-03-01,12:46:39 PM,1,Sapl0299,7,0287,N0217
5361,2020-03-03,5:03:58 PM,1,Sapl0299,7,0288,N0217
5362,2020-03-03,6:34:02 PM,1,Sapl0299,7,0289,N0217
5363,2020-03-04,1:47:50 PM,1,Sapl0299,7,0290,N0204
5364,2020-03-07,9:22:59 AM,1,Sapl0299,7,0291,N0217
5365,2020-03-07,9:35:03 AM,1,Sapl0299,7,0292,N0208
5366,2020-03-07,10:05:10 AM,1,Sapl0299,7,0293,N0217
5367,2020-03-15,11:37:30 AM,1,Sapl0002,7,0294,N0222
5368,2020-03-15,2:28:56 PM,1,Sapl0299,7,0295,N0222
5369,2020-03-15,2:33:41 PM,1,Sapl0299,7,0296,N0222
5370,2020-03-15,2:42:19 PM,1,Sapl0299,7,0297,N0222
5371,2020-03-15,2:53:28 PM,1,Sapl0299,7,0298,N0222
5372,2020-03-15,5:34:58 PM,1,Sapl0299,7,0299,N0222
5373,2020-03-15,5:47:31 PM,1,Sapl0299,7,0300,N0222
5374,2020-03-15,5:50:44 PM,1,Sapl0299,7,0301,N0222
5375,2020-03-15,6:22:49 PM,1,Sapl0299,7,0302,N0222
5376,2020-03-20,11:01:46 AM,1,Sapl0299,7,0303,N0225
5377,2020-03-20,11:26:36 AM,1,Sapl0299,7,0304,N0225
5378,2020-03-20,4:42:42 PM,1,Sapl0299,7,0305,N0223
5379,2020-03-21,10:13:13 AM,1,Sapl0299,7,0306,N0222
5380,2020-03-21,10:58:47 AM,1,Sapl0299,7,0307,N0222
5381,2020-03-21,11:55:18 AM,1,Sapl0299,7,0308,N0222
5382,2020-03-21,12:15:43 PM,1,Sapl0299,7,0309,N0222
5383,2020-03-21,2:31:54 PM,1,Sapl0299,7,0310,N0222
5384,2020-09-28,6:07:08 PM,1,sapl0290,8,0001,J0126
5385,2020-09-28,6:28:32 PM,1,sapl0290,8,0002,J0126
5386,2020-09-28,6:33:29 PM,1,sapl0290,8,0003,J0126
5387,2020-10-03,1:03:01 PM,1,sapl0290,8,0004,J0126
5388,2020-10-03,1:25:47 PM,1,sapl0290,8,0005,J0126
5389,2020-10-19,7:07:39 PM,1,sapl0290,8,0006,J0129
5390,2020-10-20,9:17:16 AM,1,sapl0290,8,0007,J0129
5391,2020-10-20,12:37:50 PM,1,sapl0290,8,0008,J0129
5392,2020-10-20,2:55:07 PM,1,sapl0290,8,0009,J0129
5393,2020-10-23,10:30:01 AM,1,sapl0290,8,0010,N0204
5394,2020-10-23,11:20:00 AM,1,sapl0290,8,0011,N0204
5395,2020-10-29,10:56:52 AM,1,sapl0290,8,0012,J0129
5396,2020-12-11,2:40:09 PM,1,Sapl0324,8,0013,E0043
5397,2020-12-12,10:24:49 AM,1,Sapl0324,8,0014,E0043
5398,2020-12-12,10:31:27 AM,1,Sapl0324,8,0015,E0043
5399,2020-12-12,11:05:58 AM,1,Sapl0324,8,0016,E0043
5400,2020-12-12,11:24:44 AM,1,Sapl0324,8,0017,E0043
5401,2020-12-12,11:49:00 AM,1,Sapl0324,8,0018,E0043
5402,2020-12-12,12:10:45 PM,1,Sapl0324,8,0019,E0043
5403,2020-12-12,2:02:41 PM,1,Sapl0324,8,0020,E0043
5404,2020-12-12,2:20:34 PM,1,Sapl0324,8,0021,E0043
5408,2020-12-17,2:43:32 PM,1,Sapl0325,8,0022,E0043
5409,2020-12-19,10:06:26 AM,1,Sapl0325,8,0023,E0043
5410,2020-12-22,10:33:12 AM,1,Sapl0324,8,0024,E0043
5411,2020-12-22,2:30:23 PM,1,Sapl0324,8,0025,N0231
5412,2020-12-23,10:22:46 AM,1,SAPL0324,8,0026,E0043
5413,2020-12-23,5:47:06 PM,1,SAPL0324,8,0027,J0132
5414,2020-12-23,5:48:25 PM,1,SAPL0324,8,0028,J0132
5415,2020-12-23,5:52:45 PM,1,SAPL0324,8,0029,J0132
5416,2020-12-23,5:54:55 PM,1,SAPL0324,8,0030,J0132
5417,2020-12-28,5:22:55 PM,1,SAPL0324,8,0031,J0132
5418,2020-12-29,10:31:09 AM,1,Sapl0324,8,0032,N0231
5420,2020-12-30,4:55:53 PM,1,SAPL0324,8,0034,E0043
5421,2020-12-31,2:18:46 PM,1,sapl0001,8,0035,N0231
5422,2020-12-31,4:18:45 PM,1,Sapl0324,8,0036,N0231
5423,2021-01-02,3:36:19 PM,1,Sapl0324,8,0037,N0231
5424,2021-01-04,3:57:50 PM,1,SAPL0324,8,0038,E0043
5425,2021-01-06,4:12:28 PM,1,SAPL0324,8,0039,E0043
5426,2021-01-07,3:19:47 PM,1,SAPL0324,8,0040,T0034
5427,2021-01-09,11:49:44 AM,1,Sapl0324,8,0041,N0231
5428,2021-01-09,1:08:40 PM,1,SAPL0324,8,0042,J0134
5429,2021-01-09,1:10:13 PM,1,SAPL0324,8,0043,J0134
5430,2021-01-09,6:04:43 PM,1,SAPL0324,8,0044,J0133
5431,2021-01-12,10:52:19 AM,1,SAPL0324,8,0045,E0043
5432,2021-01-13,10:18:16 AM,1,sapl0001,8,0046,J0133
5433,2021-01-23,5:33:21 PM,1,SAPL0324,8,0047,N0232
5434,2021-01-28,10:55:54 AM,1,SAPL0324,8,0048,N0231
5435,2021-01-29,9:10:01 AM,1,SAPL0324,8,0049,E0043
5436,2021-01-29,10:06:59 AM,1,Sapl0324,8,0050,E0043
5437,2021-01-30,12:16:38 PM,1,SAPL0324,8,0051,E0043
5438,2021-01-30,5:03:02 PM,1,SAPL0324,8,0052,T0034
5439,2021-02-09,9:56:27 AM,1,SAPL0324,8,0053,E0047
5440,2021-02-09,10:29:02 AM,1,SAPL0324,8,0054,T0034
5441,2021-02-09,4:10:16 PM,1,SAPL0324,8,0055,T0034
5442,2021-02-11,10:21:35 AM,1,Sapl0325,8,0056,T0034
5443,2021-02-13,12:26:54 PM,1,SAPL0324,8,0057,T0034
5444,2021-02-13,3:09:04 PM,1,Sapl0324,8,0058,N0231
5445,2021-02-13,3:40:29 PM,1,Sapl0324,8,0059,N0231
5446,2021-02-13,3:45:36 PM,1,Sapl0324,8,0060,N0231
5447,2021-02-15,10:54:46 AM,1,SAPL0324,8,0061,T0034
5448,2021-02-16,9:41:45 AM,1,SAPL0324,8,0062,P0061
5449,2021-02-16,11:54:36 AM,1,SAPL0324,8,0063,P0061
5450,2021-02-26,3:08:57 PM,1,sapl0290,8,0064,P0061
5451,2021-02-26,3:32:12 PM,1,sapl0290,8,0065,P0061
5452,2021-02-26,4:31:12 PM,1,SAPL0324,8,0066,J0139
5453,2021-02-26,4:49:00 PM,1,Sapl0324,8,0067,J0139
5454,2021-03-01,5:59:15 PM,1,SAPL0324,8,0068,N0231
5455,2021-03-02,2:10:54 PM,1,Sapl0324,8,0069,J0139
5456,2021-03-03,4:50:48 PM,1,SAPL0324,8,0070,P0062
5457,2021-03-04,4:50:39 PM,1,Sapl0324,8,0071,J0140
5458,2021-03-04,4:54:13 PM,1,Sapl0324,8,0072,J0140
5459,2021-03-09,11:46:01 AM,1,SAPL0324,8,0073,J0139
5460,2021-03-10,12:32:18 PM,1,SAPL0324,8,0074,J0139
5461,2021-03-10,12:34:23 PM,1,SAPL0324,8,0075,N0231
5462,2021-03-24,9:20:26 AM,1,SAPL0324,8,0076,N0231
5463,2021-03-24,4:37:00 PM,1,SAPL0324,8,0077,N0231
5464,2021-03-25,8:50:55 AM,1,SAPL0324,8,0078,P0062
5465,2021-03-25,10:16:19 AM,1,SAPL0290,8,0079,N0231
5466,2021-03-25,3:07:41 PM,1,SAPL0324,8,0080,N0236
5467,2021-03-25,4:24:22 PM,1,Sapl0325,8,0081,N0236
5468,2021-03-25,4:48:25 PM,1,Sapl0325,8,0082,N0236
5469,2021-03-27,11:32:04 AM,1,SAPL0324,8,0083,J0141
5470,2021-03-27,11:34:18 AM,1,SAPL0324,8,0084,J0142
5471,2021-03-27,11:47:21 AM,1,Sapl0325,8,0085,N0231
5472,2021-03-31,10:12:06 AM,1,SAPL0324,8,0086,N0231
5473,2021-03-31,3:02:11 PM,1,sapl0337,8,0087,N0237
5474,2021-03-31,3:37:31 PM,1,sapl0337,8,0088,N0233
5475,2021-03-31,10:28:23 AM,1,sapl0337,8,0089,N0236
5476,2021-03-31,3:46:05 PM,1,sapl0337,8,0090,N0233
5477,2021-03-31,10:52:13 AM,1,sapl0337,8,0091,P0062
5478,2021-03-31,1:56:08 PM,1,sapl0337,8,0092,P0062
5479,2021-03-31,11:56:32 AM,1,sapl0337,8,0093,P0062
5480,2021-05-20,1:27:55 PM,1,SAPL0324,9,0001,N0236
5481,2021-05-20,1:51:24 PM,1,SAPL0324,9,0002,N0236
5482,2021-05-22,9:40:19 AM,1,SAPL0324,9,0003,S0193
5483,2021-05-24,2:22:36 PM,1,SAPL0324,9,0004,N0236
5484,2021-05-31,5:47:20 PM,1,SAPL0324,9,0005,J0144
5485,2021-06-04,5:21:39 PM,1,SAPL0324,9,0006,J0145
5487,2021-06-07,10:07:11 AM,1,sapl0001,9,0007,T0034
5488,2021-06-25,5:45:41 PM,1,SAPL0324,9,0008,J0145
5489,2021-06-26,5:17:44 PM,1,SAPL0324,9,0009,J0145
5490,2021-06-26,5:18:43 PM,1,SAPL0324,9,0010,J0146
5491,2021-06-30,4:44:29 PM,1,sapl0001,9,0011,J0145
5492,2021-07-05,1:18:45 PM,1,sapl0324,9,0012,T0034
5495,2021-07-07,10:21:28 AM,1,SAPL0001,9,0013,J0144
5496,2021-07-07,10:27:20 AM,1,SAPL0324,9,0014,J0145
5497,2021-07-07,2:04:38 PM,1,SAPL0324,9,0015,J0145
5498,2021-07-07,2:41:35 PM,1,SAPL0331,9,0016,J0142
5499,2021-07-07,7:03:10 PM,1,SAPL0324,9,0017,N0233
5500,2021-07-07,7:13:37 PM,1,SAPL0324,9,0018,N0233
5501,2021-07-11,4:20:49 PM,1,sapl0324,9,0019,N0236
5504,2021-07-12,4:44:34 PM,1,sapl0324,9,0020,J0143
5505,2021-07-12,4:45:34 PM,1,sapl0324,9,0021,J0145
5506,2021-07-25,11:38:19 AM,1,sapl0337,9,0022,P0062
5507,2021-08-06,12:00:40 PM,1,SAPL0324,9,0023,P0066
5508,2021-08-22,10:13:30 AM,1,sapl0342,9,0024,T0035
5509,2021-08-22,10:47:28 AM,1,sapl0342,9,0025,T0035
5510,2021-08-22,11:00:20 AM,1,sapl0342,9,0026,T0035
5511,2021-08-22,11:08:55 AM,1,sapl0342,9,0027,T0035
5512,2021-08-22,11:13:10 AM,1,sapl0342,9,0028,T0035
5513,2021-08-22,12:06:37 PM,1,sapl0342,9,0029,T0035
5514,2021-08-22,12:14:50 PM,1,sapl0342,9,0030,T0035
5515,2021-08-22,1:21:28 PM,1,sapl0342,9,0031,T0035
5516,2021-08-22,1:25:35 PM,1,sapl0342,9,0032,T0035
5517,2021-08-22,1:32:08 PM,1,sapl0342,9,0033,T0035
5518,2021-08-23,2:56:49 PM,1,sapl0342,9,0034,N0233
5520,2021-08-23,3:24:25 PM,1,sapl0342,9,0035,N0233
5521,2021-08-30,1:49:04 PM,1,sapl0342,9,0036,J0147
5522,2021-08-30,2:26:27 PM,1,sapl0342,9,0037,P0066
5523,2021-08-30,2:31:11 PM,1,sapl0342,9,0038,P0066
5524,2021-08-31,9:51:16 AM,1,SAPL0324,9,0039,N0233
5525,2021-08-31,12:01:25 PM,1,sapl0342,9,0040,N0233
5526,2021-08-31,4:49:39 PM,1,sapl0342,9,0041,P0066
5527,2021-09-02,2:05:22 PM,1,sapl0342,9,0042,J0147
5528,2021-09-04,10:55:56 AM,1,sapl0342,9,0043,P0066
5529,2021-09-17,4:07:38 PM,1,SAPL0324,9,0044,P0066
5530,2021-09-18,6:29:23 PM,1,SAPL0324,9,0045,T0035
5531,2021-09-21,5:00:34 PM,1,Sapl0324,9,0046,T0035
5532,2021-09-29,1:39:23 PM,1,sapl0324,9,0047,T0038
5533,2021-10-01,11:47:18 AM,1,sapl0324,9,0048,J0141
5534,2021-10-01,11:51:20 AM,1,sapl0324,9,0049,J0146
5535,2021-10-13,5:34:06 PM,1,sapl0350,9,0050,T0035
5536,2021-10-13,5:48:44 PM,1,sapl0350,9,0051,T0038
5537,2021-10-13,5:51:00 PM,1,sapl0350,9,0052,T0037
5538,2021-10-16,1:12:20 PM,1,sapl0350,9,0053,J0146
5539,2021-10-19,2:39:26 PM,1,sapl0001,9,0054,T0035
5540,2021-10-22,4:48:14 PM,1,sapl0001,9,0055,T0037
5541,2021-10-22,4:53:22 PM,1,sapl0001,9,0056,T0037
5542,2021-10-22,4:56:21 PM,1,sapl0001,9,0057,T0038
5543,2021-10-22,4:58:52 PM,1,sapl0001,9,0058,T0035
5544,2021-10-22,5:44:23 PM,1,sapl0350,9,0059,J0148
5545,2021-10-23,11:09:24 AM,1,sapl0350,9,0060,T0038
5546,2021-10-24,6:06:23 PM,1,SAPL0324,9,0061,T0037
5547,2021-10-27,5:33:42 PM,1,SAPL0324,9,0062,T0037
5548,2021-10-29,10:16:22 AM,1,Sapl0324,9,0063,P0066
5549,2021-10-30,4:53:29 PM,1,SAPL0324,9,0064,T0037
5550,2021-10-31,3:35:32 PM,1,sapl0350,9,0065,J0148
5551,2021-11-01,3:48:15 PM,1,sapl0324,9,0066,J0148
5552,2021-11-01,4:01:51 PM,1,SAPL0001,9,0067,J0148
5553,2021-11-01,4:46:27 PM,1,sapl0324,9,0068,J0151
5554,2021-11-09,5:23:33 PM,1,sapl0350,9,0069,N0239
5555,2021-11-14,1:41:41 PM,1,sapl0350                                         ,9,0070,T0037
5556,2021-11-14,1:45:33 PM,1,sapl0350                                         ,9,0071,T0038
5557,2021-11-14,2:16:52 PM,1,sapl0350,9,0072,T0037
5558,2021-11-14,2:29:58 PM,1,sapl0350,9,0073,T0037
5559,2021-11-15,11:51:10 AM,1,sapl0324,9,0074,N0239
5560,2021-11-15,11:52:28 AM,1,sapl0324,9,0075,N0238
5561,2021-11-15,2:21:41 PM,1,Sapl0324,9,0076,J0147
5562,2021-11-15,2:25:44 PM,1,Sapl0324,9,0077,J0145
5563,2021-11-15,3:38:06 PM,1,sapl0350,9,0078,N0239
5564,2021-11-15,4:40:36 PM,1,sapl0350,9,0079,N0239
5565,2021-11-16,11:00:16 AM,1,sapl0350,9,0080,N0239
5566,2021-11-16,3:37:22 PM,1,sapl0350,9,0081,N0239
5567,2021-11-16,3:43:20 PM,1,sapl0350,9,0082,T0035
5568,2021-11-19,6:39:27 PM,1,Sapl0324,9,0083,T0035
5569,2021-11-20,1:11:03 PM,1,sapl0350,9,0084,N0238
5570,2021-11-20,1:31:43 PM,1,sapl0350,9,0085,N0239
5571,2021-11-21,9:43:55 AM,1,sapl0350,9,0086,J0150
5572,2021-11-22,4:35:51 PM,1,Sapl0324,9,0087,T0035
5573,2021-11-23,4:40:58 PM,1,sapl0350,9,0088,T0037
5574,2021-11-23,4:42:40 PM,1,sapl0350,9,0089,T0038
5575,2021-11-23,4:55:44 PM,1,SAPL0324,9,0090,J0151
5576,2021-11-24,5:42:26 PM,1,SAPL0324,9,0091,T0037
5577,2021-11-24,5:44:12 PM,1,SAPL0324,9,0092,T0038
5578,2021-11-24,5:46:26 PM,1,SAPL0324,9,0093,T0035
5579,2021-11-27,5:07:36 PM,1,sapl0350,9,0094,J0151
5580,2021-11-27,5:12:42 PM,1,sapl0350,9,0095,J0151
5581,2021-11-28,5:21:29 PM,1,SAPL0324,9,0096,T0035
5582,2021-11-30,4:54:38 PM,1,Sapl0324,9,0097,J0148
5583,2021-12-03,2:20:22 PM,1,sapl0350,9,0098,T0037
5584,2021-12-04,11:15:29 AM,1,Sapl0324,9,0099,J0148
5585,2021-12-04,5:27:29 PM,1,SAPL0324,9,0100,T0035
5587,2021-12-05,1:34:47 PM,1,SAPL0324,9,0102,T0037
5588,2021-12-05,1:44:17 PM,1,sapl0001,9,0103,P0064
5589,2021-12-05,2:41:27 PM,1,sapl0350                                         ,9,0104,T0035
5590,2021-12-05,5:38:03 PM,1,sapl0350,9,0105,J0151
5591,2021-12-10,10:16:32 AM,1,sapl0350,9,0106,J0148
5592,2021-12-12,3:37:50 PM,1,SAPL0324,9,0107,N0239
5593,2021-12-13,10:51:02 AM,1,sapl0342,9,0108,N0239
5594,2021-12-13,11:25:22 AM,1,sapl0342,9,0109,N0239
5595,2021-12-13,11:46:03 AM,1,sapl0350,9,0110,J0141
5596,2021-12-13,1:51:34 PM,1,sapl0342,9,0111,N0239
5597,2021-12-13,2:49:41 PM,1,sapl0342,9,0112,N0239
5598,2021-12-13,4:53:21 PM,1,sapl0350                                         ,9,0113,J0141
5599,2021-12-13,4:55:20 PM,1,sapl0350                                         ,9,0114,J0148
5600,2021-12-18,4:11:00 PM,1,Sapl0324,9,0115,J0147
5601,2021-12-18,4:14:10 PM,1,Sapl0324,9,0116,J0146
5602,2021-12-18,4:15:13 PM,1,Sapl0324,9,0117,J0148
5603,2021-12-18,4:18:00 PM,1,Sapl0324,9,0118,J0151
5604,2021-12-18,4:19:59 PM,1,Sapl0324,9,0119,J0148
5605,2021-12-19,9:24:23 AM,1,SAPL0324,9,0120,J0149
5606,2021-12-22,6:10:58 PM,1,SAPL0324,9,0121,T0038
5607,2021-12-28,3:32:47 PM,1,SAPL0324,9,0122,T0038
5608,2022-01-03,5:02:44 PM,1,Sapl0324,9,0123,J0149
5609,2022-01-20,2:30:55 PM,1,SAPL0324,9,0124,P0066
5610,2022-01-28,3:33:02 PM,1,sapl0350,9,0125,J0151
5611,2022-01-28,3:36:09 PM,1,sapl0350,9,0126,J0150
5612,2022-01-28,3:40:40 PM,1,sapl0350,9,0127,J0148
5613,2022-01-28,3:42:53 PM,1,sapl0350,9,0128,J0144
5614,2022-01-28,3:44:48 PM,1,sapl0350,9,0129,J0146
5615,2022-01-28,3:46:58 PM,1,sapl0350,9,0130,J0142
5616,2022-01-28,3:59:59 PM,1,SAPL0324,9,0131,S0200
5617,2022-01-28,4:00:51 PM,1,SAPL0324,9,0132,S0201
5618,2022-01-28,4:40:13 PM,1,sapl0350,9,0133,S0198
5619,2022-01-28,4:41:45 PM,1,sapl0350,9,0134,S0199
5620,2022-01-28,4:42:04 PM,1,SAPL0324,9,0135,S0198
5621,2022-01-28,4:42:39 PM,1,sapl0350,9,0136,S0200
5622,2022-01-28,4:43:32 PM,1,sapl0350,9,0137,S0201
5623,2022-01-28,5:01:47 PM,1,sapl0350,9,0138,J0141
5624,2022-01-28,5:04:55 PM,1,sapl0350,9,0139,J0143
5625,2022-01-28,5:06:17 PM,1,sapl0350,9,0140,J0147
5626,2022-01-28,5:08:32 PM,1,sapl0350,9,0141,J0145
5627,2022-01-30,4:50:37 PM,1,sapl0350,9,0142,S0198
5628,2022-01-30,4:53:15 PM,1,sapl0350,9,0143,S0200
5629,2022-01-31,5:52:50 PM,1,sapl0350                                         ,9,0144,S0199
5630,2022-02-02,7:02:06 PM,1,Sapl0324,9,0145,S0198
5631,2022-02-04,1:18:18 PM,1,sapl0350,9,0146,T0035
5632,2022-02-11,5:06:00 PM,1,sapl0350,9,0147,S0199
5633,2022-02-11,5:08:30 PM,1,sapl0350,9,0148,S0200
5634,2022-02-12,9:41:56 AM,1,sapl0350                                         ,9,0149,S0198
5635,2022-02-12,4:58:02 PM,1,SAPL0324,9,0150,T0035
5636,2022-02-22,5:19:20 PM,1,sapl0350                                         ,9,0151,T0035
5637,2022-03-31,10:51:18 AM,1,Sapl0324,9,0152,S0202
5638,2022-03-31,11:03:17 AM,1,Sapl0324,9,0153,S0203
5639,2022-03-31,1:49:19 PM,1,Sapl0325,9,0154,T0035
5640,2022-03-31,2:42:50 PM,1,Sapl0325,9,0155,T0035
5641,2022-03-31,2:44:13 PM,1,sapl0334,9,0156,T0035
5642,2022-03-31,2:50:50 PM,1,Sapl0325,9,0157,T0035
5643,2022-03-31,3:10:49 PM,1,Sapl0325,9,0158,T0035
5644,2022-03-31,3:21:09 PM,1,Sapl0325,9,0159,T0035
5645,2022-03-31,3:33:26 PM,1,sapl0334,9,0160,T0035
5646,2022-03-31,3:40:36 PM,1,sapl0334,9,0161,T0035
5647,2022-03-31,3:41:40 PM,1,sapl0334,9,0162,T0035
5648,2022-03-31,3:48:10 PM,1,sapl0334,9,0163,T0035
5649,2022-03-31,3:51:26 PM,1,sapl0334,9,0164,T0035
5650,2022-03-31,4:01:23 PM,1,sapl0334,9,0165,T0035
5651,2022-03-31,4:09:08 PM,1,sapl0334,9,0166,T0035
5652,2022-03-31,4:22:11 PM,1,sapl0334,9,0167,T0035
5653,2022-03-31,4:28:12 PM,1,sapl0334,9,0168,T0035
5654,2022-03-31,4:40:35 PM,1,sapl0334,9,0169,T0035
5655,2022-03-31,11:48:41 AM,1,SAPL0001,9,0170,N0239
5656,2022-03-31,12:01:34 PM,1,SAPL0001,9,0171,N0239
5657,2022-03-31,9:24:24 AM,1,SAPL0001,9,0172,N0239
5658,2022-03-31,4:28:54 PM,1,sapl0350,9,0173,T0037
5659,2022-03-31,2:12:36 PM,1,sapl0350                                         ,9,0174,T0038
5660,2022-03-31,11:23:00 AM,1,Sapl0324,9,0175,N0244
5661,2022-05-17,9:50:58 AM,1,SAPL0001,10,0001,J0150
5662,2022-05-17,10:17:57 AM,1,sapl0350,10,0002,J0150
5663,2022-05-17,10:44:49 AM,1,sapl0342,10,0003,S0200
5664,2022-05-17,11:04:10 AM,1,sapl0342,10,0004,S0201
5665,2022-05-17,11:27:49 AM,1,sapl0342,10,0005,S0199
5666,2022-05-30,10:51:03 AM,1,sapl0342,10,0006,N0248
5668,2022-05-30,11:27:16 AM,1,sapl0342,10,0008,N0250
5669,2022-05-30,11:34:49 AM,1,sapl0342,10,0009,N0248
5670,2022-06-01,9:59:51 AM,1,SAPL0001,10,0010,N0249
5671,2022-06-11,2:23:30 PM,1,sapl0342,10,0011,N0247
5672,2022-06-11,4:53:42 PM,1,sapl0342,10,0012,N0247
5673,2022-06-11,5:08:06 PM,1,sapl0342,10,0013,N0247
5674,2022-06-12,10:21:51 AM,1,sapl0342,10,0014,N0247
5675,2022-06-12,10:38:10 AM,1,sapl0342,10,0015,N0247
5676,2022-06-12,11:24:42 AM,1,sapl0342,10,0016,N0247
5677,2022-06-12,11:53:18 AM,1,sapl0342,10,0017,N0247
5678,2022-06-12,1:41:24 PM,1,sapl0342,10,0018,N0247
5679,2022-06-12,2:12:37 PM,1,sapl0342,10,0019,N0247
5680,2022-06-12,5:12:58 PM,1,sapl0342,10,0020,N0247
5681,2022-06-13,10:16:09 AM,1,sapl0342,10,0021,N0247
5682,2022-06-13,10:43:24 AM,1,sapl0342,10,0022,N0247
5683,2022-06-21,5:15:13 PM,1,sapl0366,10,0023,N0247
5684,2022-06-30,10:46:16 AM,1,sapl0366,10,0024,N0247
5686,2022-07-13,2:31:54 PM,1,sapl0342,10,0025,S0194
5687,2022-07-13,5:01:54 PM,1,sapl0342,10,0026,S0194
5688,2022-07-20,5:01:33 PM,1,sapl0350,10,0027,N0260
5689,2022-07-20,5:13:24 PM,1,sapl0350,10,0028,N0260
5690,2022-07-22,10:57:49 AM,1,sapl0366,10,0029,N0260
5691,2022-07-23,12:21:35 PM,1,sapl0366,10,0030,S0194
5692,2022-07-23,1:51:36 PM,1,sapl0366,10,0031,S0194
5693,2022-07-23,3:57:22 PM,1,sapl0366,10,0032,N0260
5694,2022-07-23,4:32:30 PM,1,sapl0366,10,0033,N0262
5695,2022-07-26,4:53:15 PM,1,sapl0350,10,0034,S0194
5696,2022-07-28,11:02:47 AM,1,sapl0366,10,0035,N0260
5697,2022-07-28,11:24:25 AM,1,sapl0366,10,0036,N0260
5698,2022-07-28,11:37:49 AM,1,sapl0366,10,0037,N0260
5699,2022-07-28,12:15:00 PM,1,sapl0366,10,0038,N0260
5700,2022-07-30,11:39:42 AM,1,sapl0366,10,0039,T0042
5701,2022-07-30,11:47:43 AM,1,sapl0366,10,0040,T0042
5702,2022-07-30,12:03:38 PM,1,sapl0366,10,0041,T0042
5703,2022-07-30,12:27:29 PM,1,sapl0366,10,0042,T0042
5704,2022-07-30,1:21:34 PM,1,sapl0366,10,0043,T0042
5705,2022-07-30,1:49:07 PM,1,sapl0366,10,0044,T0042
5706,2022-08-03,3:34:43 PM,1,sapl0366,10,0045,N0261
5707,2022-08-11,4:02:53 PM,1,sapl0366,10,0046,T0042
5708,2022-08-11,4:11:08 PM,1,sapl0366,10,0047,T0042
5709,2022-08-11,4:16:30 PM,1,sapl0366,10,0048,T0042
5710,2022-08-11,4:27:20 PM,1,sapl0366,10,0049,T0042
5711,2022-08-16,1:44:09 PM,1,sapl0366,10,0050,T0042
5712,2022-08-16,1:46:26 PM,1,sapl0366,10,0051,T0042
5713,2022-08-20,2:37:33 PM,1,Sapl0324,10,0052,N0260
5714,2022-08-22,10:33:34 AM,1,sapl0366,10,0053,N0260
5715,2022-09-01,11:21:42 AM,1,sapl0366,10,0054,T0042
5716,2022-09-17,5:41:11 PM,1,SAPL0324,10,0055,S0208
5717,2022-09-26,10:09:30 AM,1,SAPL0324,10,0056,N0267
5718,2022-10-01,5:16:34 PM,1,Sapl0350,10,0057,N0264
5719,2022-10-06,12:28:29 PM,1,sapl0350,10,0058,N0264
5720,2022-10-10,5:50:49 PM,1,Sapl0378,10,0059,T0042
5721,2022-10-12,9:31:38 AM,1,Sapl0378,10,0060,T0042
5722,2022-10-12,9:58:20 AM,1,Sapl0378,10,0061,T0042
5723,2022-10-12,11:16:47 AM,1,Sapl0378,10,0062,T0042
5724,2022-10-12,2:04:07 PM,1,Sapl0378,10,0063,T0042
5725,2022-10-12,2:44:34 PM,1,Sapl0378,10,0064,T0042
5726,2022-10-12,4:50:29 PM,1,Sapl0378,10,0065,T0042
5727,2022-10-21,1:52:57 PM,1,Sapl0378,10,0066,T0042
5728,2023-02-06,4:49:57 PM,1,Sapl0324,10,0067,N0279
